OFFER,RETAILER,BRAND,BRAND_BELONGS_TO_CATEGORY,OFFER_clean,PRODUCT_CATEGORY,IS_CHILD_CATEGORY_TO,IS_CHILD_CATEGORY_TO_compli,training_str
Emmy's Organics® Cookies OR Brownie Snaps,,EMMYS POP UP,COOKIES,,COOKIES,SNACKS,,"  EMMYS POP UP   COOKIES, COOKIES"
Egglife Egg White Wraps at Aldi,ALDI,EGGLIFE,EGGS,,EGGS,DAIRY,DAIRY,"  EGGLIFE ALDI EGGS, DAIRY"
Spend $10 at Subway,SUBWAY,SUBWAY,COOKING & BAKING,,COOKING & BAKING,PANTRY,,"  SUBWAY SUBWAY COOKING & BAKING, COOKING & BAKING"
Spend $25 at Subway,SUBWAY,SUBWAY,COOKING & BAKING,,COOKING & BAKING,PANTRY,,"  SUBWAY SUBWAY COOKING & BAKING, COOKING & BAKING"
Spend $15 at Subway,SUBWAY,SUBWAY,COOKING & BAKING,,COOKING & BAKING,PANTRY,,"  SUBWAY SUBWAY COOKING & BAKING, COOKING & BAKING"
Spend $35 at Subway,SUBWAY,SUBWAY,COOKING & BAKING,,COOKING & BAKING,PANTRY,,"  SUBWAY SUBWAY COOKING & BAKING, COOKING & BAKING"
"DOVE® Chocolate, select sizes, buy 1",,DOVE CHOCOLATE,CANDY,,CANDY,SNACKS,,"  DOVE CHOCOLATE   CANDY, CANDY"
"DOVE® chocolate, select varieties",,DOVE CHOCOLATE,CANDY,,CANDY,SNACKS,,"  DOVE CHOCOLATE   CANDY, CANDY"
"M&M'S®, select sizes, buy 1",,M&MS,CANDY,,CANDY,SNACKS,,"  M MS   CANDY, CANDY"
"M&M'S® chocolate candies, select varieties",,M&MS,CANDY,,CANDY,SNACKS,,"  M MS   CANDY, CANDY"
Gillette Venus ® for Pubic Hair & Skin spend $20,,GILLETTE VENUS,HAIR REMOVAL,,HAIR REMOVAL,HEALTH & WELLNESS,,"  GILLETTE VENUS   HAIR REMOVAL, HAIR REMOVAL"
Gillette Venus ® for Pubic Hair & Skin,,GILLETTE VENUS,HAIR REMOVAL,,HAIR REMOVAL,HEALTH & WELLNESS,,"  GILLETTE VENUS   HAIR REMOVAL, HAIR REMOVAL"
"Gillette Venus ® for Pubic Hair & Skin, spend $20",,GILLETTE VENUS,HAIR REMOVAL,,HAIR REMOVAL,HEALTH & WELLNESS,,"  GILLETTE VENUS   HAIR REMOVAL, HAIR REMOVAL"
Spend $140 at Shaws,SHAWS,SHAWS,COOKING & BAKING,,COOKING & BAKING,PANTRY,,"  SHAWS SHAWS COOKING & BAKING, COOKING & BAKING"
Spend $185 at Shaws,SHAWS,SHAWS,COOKING & BAKING,,COOKING & BAKING,PANTRY,,"  SHAWS SHAWS COOKING & BAKING, COOKING & BAKING"
Shop 2 times at Shaw's,SHAWS,SHAWS,COOKING & BAKING,,COOKING & BAKING,PANTRY,,"  SHAWS SHAWS COOKING & BAKING, COOKING & BAKING"
Any Shaw's receipt,SHAWS,SHAWS,COOKING & BAKING,,COOKING & BAKING,PANTRY,,"  SHAWS SHAWS COOKING & BAKING, COOKING & BAKING"
Spend $300 at Shaws,SHAWS,SHAWS,COOKING & BAKING,,COOKING & BAKING,PANTRY,,"  SHAWS SHAWS COOKING & BAKING, COOKING & BAKING"
"L'Oréal Paris Hair color, select varieties, spend $19 at Target",TARGET,LOREAL PARIS HAIR COLOR,HAIR CARE,,HAIR CARE,HEALTH & WELLNESS,,"  LOREAL PARIS HAIR COLOR TARGET HAIR CARE, HAIR CARE"
"L'Oréal Paris Men Expert hair color, spend $19 at Walmart",WALMART,LOREAL PARIS HAIR COLOR,HAIR CARE,,HAIR CARE,HEALTH & WELLNESS,,"  LOREAL PARIS HAIR COLOR WALMART HAIR CARE, HAIR CARE"
"L’Oréal Paris Men Expert hair color, spend $9 at Walmart",WALMART,LOREAL PARIS HAIR COLOR,HAIR CARE,,HAIR CARE,HEALTH & WELLNESS,,"  LOREAL PARIS HAIR COLOR WALMART HAIR CARE, HAIR CARE"
L'Oréal Paris Excellence Hair Color at Target,TARGET,LOREAL PARIS HAIR COLOR,HAIR CARE,,HAIR CARE,HEALTH & WELLNESS,,"  LOREAL PARIS HAIR COLOR TARGET HAIR CARE, HAIR CARE"
"L'Oréal Paris Hair color, select varieties, spend $25 at Target",TARGET,LOREAL PARIS HAIR COLOR,HAIR CARE,,HAIR CARE,HEALTH & WELLNESS,,"  LOREAL PARIS HAIR COLOR TARGET HAIR CARE, HAIR CARE"
"L'Oréal Paris Hair color, select varieties, spend $9 at Target",TARGET,LOREAL PARIS HAIR COLOR,HAIR CARE,,HAIR CARE,HEALTH & WELLNESS,,"  LOREAL PARIS HAIR COLOR TARGET HAIR CARE, HAIR CARE"
Shop 2 times at ACME,ACME,ACME,MEDICINES & TREATMENTS,,MEDICINES & TREATMENTS,HEALTH & WELLNESS,,"  ACME ACME MEDICINES & TREATMENTS, MEDICINES & TREATMENTS"
Spend $90 at ACME,ACME,ACME,MEDICINES & TREATMENTS,,MEDICINES & TREATMENTS,HEALTH & WELLNESS,,"  ACME ACME MEDICINES & TREATMENTS, MEDICINES & TREATMENTS"
Spend $250 at ACME,ACME,ACME,MEDICINES & TREATMENTS,,MEDICINES & TREATMENTS,HEALTH & WELLNESS,,"  ACME ACME MEDICINES & TREATMENTS, MEDICINES & TREATMENTS"
Any ACME receipt,ACME,ACME,MEDICINES & TREATMENTS,,MEDICINES & TREATMENTS,HEALTH & WELLNESS,,"  ACME ACME MEDICINES & TREATMENTS, MEDICINES & TREATMENTS"
Spend $130 at ACME,ACME,ACME,MEDICINES & TREATMENTS,,MEDICINES & TREATMENTS,HEALTH & WELLNESS,,"  ACME ACME MEDICINES & TREATMENTS, MEDICINES & TREATMENTS"
"Flonase Allergy Relief, at Walmart",WALMART,FLONASE,MEDICINES & TREATMENTS,,MEDICINES & TREATMENTS,HEALTH & WELLNESS,,"  FLONASE WALMART MEDICINES & TREATMENTS, MEDICINES & TREATMENTS"
"Cooked Perfect® Meatballs, at Walmart",WALMART,COOKED PERFECT,FROZEN CHICKEN,,FROZEN CHICKEN,FROZEN MEAT,,"  COOKED PERFECT WALMART FROZEN CHICKEN, FROZEN CHICKEN"
"Cooked Perfect® Meatballs, Homestyle OR Turkey, at Walmart",WALMART,COOKED PERFECT,FROZEN CHICKEN,,FROZEN CHICKEN,FROZEN MEAT,,"  COOKED PERFECT WALMART FROZEN CHICKEN, FROZEN CHICKEN"
"L'Oréal Paris Makeup, spend $35 at Target",TARGET,LOREAL PARIS COSMETICS,MAKEUP,,MAKEUP,BEAUTY,,"  LOREAL PARIS COSMETICS TARGET MAKEUP, MAKEUP"
"L'Oréal Paris Makeup, spend $30 at Target",TARGET,LOREAL PARIS COSMETICS,MAKEUP,,MAKEUP,BEAUTY,,"  LOREAL PARIS COSMETICS TARGET MAKEUP, MAKEUP"
L'Oreal Paris True Match Foundation at Target,TARGET,LOREAL PARIS COSMETICS,MAKEUP,,MAKEUP,BEAUTY,,"  LOREAL PARIS COSMETICS TARGET MAKEUP, MAKEUP"
L'Oréal Paris True Match Foundation at Target,TARGET,LOREAL PARIS COSMETICS,MAKEUP,,MAKEUP,BEAUTY,,"  LOREAL PARIS COSMETICS TARGET MAKEUP, MAKEUP"
Any Vons receipt,VONS,VONS,SPIRITS,,SPIRITS,ALCOHOL,,"  VONS VONS SPIRITS, SPIRITS"
Spend $150 at Vons,VONS,VONS,SPIRITS,,SPIRITS,ALCOHOL,,"  VONS VONS SPIRITS, SPIRITS"
Spend $100 at Vons,VONS,VONS,SPIRITS,,SPIRITS,ALCOHOL,,"  VONS VONS SPIRITS, SPIRITS"
Spend $275 at Vons,VONS,VONS,SPIRITS,,SPIRITS,ALCOHOL,,"  VONS VONS SPIRITS, SPIRITS"
Shop 2 times at Vons,VONS,VONS,SPIRITS,,SPIRITS,ALCOHOL,,"  VONS VONS SPIRITS, SPIRITS"
"Wine from TheBarrelRoom.com, spend $30",GALLO.COM,ALAMOS,WINE,,WINE,ALCOHOL,,"  ALAMOS GALLO.COM WINE, WINE"
"PepsiCo® Beverage, 7.5-ounce 10 pack, select varieties, at Amazon Storefront*",AMAZON,PEPSI,CARBONATED SOFT DRINKS,,CARBONATED SOFT DRINKS,BEVERAGES,,"  PEPSI AMAZON CARBONATED SOFT DRINKS, CARBONATED SOFT DRINKS"
"PepsiCo® Variety Pack, select varieties, at Amazon Storefront*",AMAZON,PEPSI,CARBONATED SOFT DRINKS,,CARBONATED SOFT DRINKS,BEVERAGES,,"  PEPSI AMAZON CARBONATED SOFT DRINKS, CARBONATED SOFT DRINKS"
Any Albertsons receipt,ALBERTSONS,ALBERTSONS,CANDY,,CANDY,SNACKS,,"  ALBERTSONS ALBERTSONS CANDY, CANDY"
Shop 2 times at Albertsons,ALBERTSONS,ALBERTSONS,CANDY,,CANDY,SNACKS,,"  ALBERTSONS ALBERTSONS CANDY, CANDY"
Spend $65 at Albertsons,ALBERTSONS,ALBERTSONS,CANDY,,CANDY,SNACKS,,"  ALBERTSONS ALBERTSONS CANDY, CANDY"
Spend $110 at Albertsons,ALBERTSONS,ALBERTSONS,CANDY,,CANDY,SNACKS,,"  ALBERTSONS ALBERTSONS CANDY, CANDY"
Spend $220 at Albertsons,ALBERTSONS,ALBERTSONS,CANDY,,CANDY,SNACKS,,"  ALBERTSONS ALBERTSONS CANDY, CANDY"
"Back to the Roots Grow Seed Starting Pots OR Germination Trays, at Walmart or Target",TARGET,BACK TO THE ROOTS,PACKAGED MEALS & SIDES,,PACKAGED MEALS & SIDES,PANTRY,,"  BACK TO THE ROOTS TARGET PACKAGED MEALS & SIDES, PACKAGED MEALS & SIDES"
"Back to the Roots Soils, select varieties and sizes, at Walmart",WALMART,BACK TO THE ROOTS,PACKAGED MEALS & SIDES,,PACKAGED MEALS & SIDES,PANTRY,,"  BACK TO THE ROOTS WALMART PACKAGED MEALS & SIDES, PACKAGED MEALS & SIDES"
"Back to the Roots Dry Plant Food, 5 pounds, at The Home Depot",THE HOME DEPOT,BACK TO THE ROOTS,PACKAGED MEALS & SIDES,,PACKAGED MEALS & SIDES,PANTRY,,"  BACK TO THE ROOTS THE HOME DEPOT PACKAGED MEALS & SIDES, PACKAGED MEALS & SIDES"
"Back to the Roots Garden Soil, 1 cubic foot, at Lowe's Home Improvement",LOWES HOME IMPROVEMENT,BACK TO THE ROOTS,PACKAGED MEALS & SIDES,,PACKAGED MEALS & SIDES,PANTRY,,"  BACK TO THE ROOTS LOWES HOME IMPROVEMENT PACKAGED MEALS & SIDES, PACKAGED MEALS & SIDES"
"Back to the Roots Raised Bed Gardening Kit with Soil, Seeds and Plant Food, at Target",TARGET,BACK TO THE ROOTS,PACKAGED MEALS & SIDES,,PACKAGED MEALS & SIDES,PANTRY,,"  BACK TO THE ROOTS TARGET PACKAGED MEALS & SIDES, PACKAGED MEALS & SIDES"
Back to the Roots Microgreens Grow Kit OR Seed Refill at Walmart,WALMART,BACK TO THE ROOTS,PACKAGED MEALS & SIDES,,PACKAGED MEALS & SIDES,PANTRY,,"  BACK TO THE ROOTS WALMART PACKAGED MEALS & SIDES, PACKAGED MEALS & SIDES"
"Back to the Roots Soils, select varieties and sizes, at Lowes",LOWES HOME IMPROVEMENT,BACK TO THE ROOTS,PACKAGED MEALS & SIDES,,PACKAGED MEALS & SIDES,PANTRY,,"  BACK TO THE ROOTS LOWES HOME IMPROVEMENT PACKAGED MEALS & SIDES, PACKAGED MEALS & SIDES"
"Back to the Roots Soils, select varieties, at Walmart or Lowes",LOWES HOME IMPROVEMENT,BACK TO THE ROOTS,PACKAGED MEALS & SIDES,,PACKAGED MEALS & SIDES,PANTRY,,"  BACK TO THE ROOTS LOWES HOME IMPROVEMENT PACKAGED MEALS & SIDES, PACKAGED MEALS & SIDES"
Back to the Roots Grow Kits at Walmart or The Home Depot,WALMART,BACK TO THE ROOTS,PACKAGED MEALS & SIDES,,PACKAGED MEALS & SIDES,PANTRY,,"  BACK TO THE ROOTS WALMART PACKAGED MEALS & SIDES, PACKAGED MEALS & SIDES"
Back to the Roots Grow Hydroponic Grow Kit OR Refill Bundle at Walmart,WALMART,BACK TO THE ROOTS,PACKAGED MEALS & SIDES,,PACKAGED MEALS & SIDES,PANTRY,,"  BACK TO THE ROOTS WALMART PACKAGED MEALS & SIDES, PACKAGED MEALS & SIDES"
"Back to the Roots Seeds, at Walmart",WALMART,BACK TO THE ROOTS,PACKAGED MEALS & SIDES,,PACKAGED MEALS & SIDES,PANTRY,,"  BACK TO THE ROOTS WALMART PACKAGED MEALS & SIDES, PACKAGED MEALS & SIDES"
"Back to the Roots Organic Kits and Planters, at Target",TARGET,BACK TO THE ROOTS,PACKAGED MEALS & SIDES,,PACKAGED MEALS & SIDES,PANTRY,,"  BACK TO THE ROOTS TARGET PACKAGED MEALS & SIDES, PACKAGED MEALS & SIDES"
"Back to the Roots Potting Mix, 1 cubic foot, at Lowe's Home Improvement",LOWES HOME IMPROVEMENT,BACK TO THE ROOTS,PACKAGED MEALS & SIDES,,PACKAGED MEALS & SIDES,PANTRY,,"  BACK TO THE ROOTS LOWES HOME IMPROVEMENT PACKAGED MEALS & SIDES, PACKAGED MEALS & SIDES"
"Back to the Roots Organic 3-In-1 Seed Starting Mix 12 quart, at Walmart or Target",TARGET,BACK TO THE ROOTS,PACKAGED MEALS & SIDES,,PACKAGED MEALS & SIDES,PANTRY,,"  BACK TO THE ROOTS TARGET PACKAGED MEALS & SIDES, PACKAGED MEALS & SIDES"
"Back to the Roots Soils, select varieties, at Walmart",WALMART,BACK TO THE ROOTS,PACKAGED MEALS & SIDES,,PACKAGED MEALS & SIDES,PANTRY,,"  BACK TO THE ROOTS WALMART PACKAGED MEALS & SIDES, PACKAGED MEALS & SIDES"
"Welch's®Fruit Snacks, select varieties, buy 2",,WELCHS FRUIT SNACKS,FRUIT & VEGETABLE SNACKS,,FRUIT & VEGETABLE SNACKS,SNACKS,,"  WELCHS FRUIT SNACKS   FRUIT & VEGETABLE SNACKS, FRUIT & VEGETABLE SNACKS"
"Welch's® Zero Sugar Fruity Bites, 6 pack+, online at Amazon",AMAZON,WELCHS FRUIT SNACKS,FRUIT & VEGETABLE SNACKS,,FRUIT & VEGETABLE SNACKS,SNACKS,,"  WELCHS FRUIT SNACKS AMAZON FRUIT & VEGETABLE SNACKS, FRUIT & VEGETABLE SNACKS"
"Welch's® Fruit Snacks, select varieties, 6 count+, buy 3",,WELCHS FRUIT SNACKS,FRUIT & VEGETABLE SNACKS,,FRUIT & VEGETABLE SNACKS,SNACKS,,"  WELCHS FRUIT SNACKS   FRUIT & VEGETABLE SNACKS, FRUIT & VEGETABLE SNACKS"
"Welch's® Fruit Snacks, 250 count, online at Amazon",AMAZON,WELCHS FRUIT SNACKS,FRUIT & VEGETABLE SNACKS,,FRUIT & VEGETABLE SNACKS,SNACKS,,"  WELCHS FRUIT SNACKS AMAZON FRUIT & VEGETABLE SNACKS, FRUIT & VEGETABLE SNACKS"
"Welch's® Juicefuls® Juicy Fruit Snacks, 14 count, at Target",TARGET,WELCHS FRUIT SNACKS,FRUIT & VEGETABLE SNACKS,,FRUIT & VEGETABLE SNACKS,SNACKS,,"  WELCHS FRUIT SNACKS TARGET FRUIT & VEGETABLE SNACKS, FRUIT & VEGETABLE SNACKS"
"Welch's® Fruit Snacks, select varieties, 6 count+, buy 2",,WELCHS FRUIT SNACKS,FRUIT & VEGETABLE SNACKS,,FRUIT & VEGETABLE SNACKS,SNACKS,,"  WELCHS FRUIT SNACKS   FRUIT & VEGETABLE SNACKS, FRUIT & VEGETABLE SNACKS"
"Welch's®Fruit Snacks, spend $8",,WELCHS FRUIT SNACKS,FRUIT & VEGETABLE SNACKS,,FRUIT & VEGETABLE SNACKS,SNACKS,,"  WELCHS FRUIT SNACKS   FRUIT & VEGETABLE SNACKS, FRUIT & VEGETABLE SNACKS"
"Welch's® Fruit 'n Yogurt® Snacks, 18 count, at Walmart",WALMART,WELCHS FRUIT SNACKS,FRUIT & VEGETABLE SNACKS,,FRUIT & VEGETABLE SNACKS,SNACKS,,"  WELCHS FRUIT SNACKS WALMART FRUIT & VEGETABLE SNACKS, FRUIT & VEGETABLE SNACKS"
"Welch's® Fruit Snacks, select varieties, 6 count+",,WELCHS FRUIT SNACKS,FRUIT & VEGETABLE SNACKS,,FRUIT & VEGETABLE SNACKS,SNACKS,,"  WELCHS FRUIT SNACKS   FRUIT & VEGETABLE SNACKS, FRUIT & VEGETABLE SNACKS"
"Welch's® Juicefuls® Juicy Fruit Snacks, buy 2",,WELCHS FRUIT SNACKS,FRUIT & VEGETABLE SNACKS,,FRUIT & VEGETABLE SNACKS,SNACKS,,"  WELCHS FRUIT SNACKS   FRUIT & VEGETABLE SNACKS, FRUIT & VEGETABLE SNACKS"
Sign up for The Club Card or The Club+ Card full-priced membership* (New Members Only),BJS WHOLESALE,BJS WHOLESALE,COOKING & BAKING,,COOKING & BAKING,PANTRY,,"  BJS WHOLESALE BJS WHOLESALE COOKING & BAKING, COOKING & BAKING"
"Ben & Jerry's Frozen Creme Brulee Non Dairy Dessert, 16 ounce",,BEN AND JERRYS,FROZEN DESSERTS,,FROZEN DESSERTS,FROZEN,FROZEN,"  BEN AND JERRYS   FROZEN DESSERTS, FROZEN"
"Ben & Jerry's® Doggie Desserts, 4 count",,BEN AND JERRYS,FROZEN DESSERTS,,FROZEN DESSERTS,FROZEN,FROZEN,"  BEN AND JERRYS   FROZEN DESSERTS, FROZEN"
"Ben & Jerry's Frozen Sugar Cookie Dough Chunks, 8 ounce",,BEN AND JERRYS,FROZEN DESSERTS,,FROZEN DESSERTS,FROZEN,FROZEN,"  BEN AND JERRYS   FROZEN DESSERTS, FROZEN"
"Ben & Jerry's®, select varieties",,BEN AND JERRYS,FROZEN DESSERTS,,FROZEN DESSERTS,FROZEN,FROZEN,"  BEN AND JERRYS   FROZEN DESSERTS, FROZEN"
"Ben & Jerry's®, select varieties, spend $12",,BEN AND JERRYS,FROZEN DESSERTS,,FROZEN DESSERTS,FROZEN,FROZEN,"  BEN AND JERRYS   FROZEN DESSERTS, FROZEN"
"Ben & Jerry's® Doggie Desserts, 4 ounce, buy 2",,BEN AND JERRYS,FROZEN DESSERTS,,FROZEN DESSERTS,FROZEN,FROZEN,"  BEN AND JERRYS   FROZEN DESSERTS, FROZEN"
"Ben & Jerry's Wake & No Bake Cookie Dough Ice Cream, 16 ounce",,BEN AND JERRYS,FROZEN DESSERTS,,FROZEN DESSERTS,FROZEN,FROZEN,"  BEN AND JERRYS   FROZEN DESSERTS, FROZEN"
Ben & Jerry's® Churray For Churros™ Ice Cream,,BEN AND JERRYS,FROZEN DESSERTS,,FROZEN DESSERTS,FROZEN,FROZEN,"  BEN AND JERRYS   FROZEN DESSERTS, FROZEN"
"Purex® laundry detergent, select varieties, at Walmart",WALMART,PUREX,LAUNDRY SUPPLIES,,LAUNDRY SUPPLIES,HOUSEHOLD SUPPLIES,HOUSEHOLD SUPPLIES,"  PUREX WALMART LAUNDRY SUPPLIES, HOUSEHOLD SUPPLIES"
Shop 2 times at Safeway,SAFEWAY,SAFEWAY,CANDY,,CANDY,SNACKS,,"  SAFEWAY SAFEWAY CANDY, CANDY"
Spend $210 at Safeway,SAFEWAY,SAFEWAY,CANDY,,CANDY,SNACKS,,"  SAFEWAY SAFEWAY CANDY, CANDY"
Any Safeway receipt,SAFEWAY,SAFEWAY,CANDY,,CANDY,SNACKS,,"  SAFEWAY SAFEWAY CANDY, CANDY"
Spend $115 at Safeway,SAFEWAY,SAFEWAY,CANDY,,CANDY,SNACKS,,"  SAFEWAY SAFEWAY CANDY, CANDY"
Spend $90 at Safeway,SAFEWAY,SAFEWAY,CANDY,,CANDY,SNACKS,,"  SAFEWAY SAFEWAY CANDY, CANDY"
Sol® 6 pack+,,SOL CERVEZA,BEER,,BEER,ALCOHOL,,"  SOL CERVEZA   BEER, BEER"
"Sargento Sliced Cheese, spend $25",,SARGENTO,CHEESE,,CHEESE,DAIRY,DAIRY,"  SARGENTO   CHEESE, DAIRY"
"Sargento Sliced Cheese, spend $12",,SARGENTO,CHEESE,,CHEESE,DAIRY,DAIRY,"  SARGENTO   CHEESE, DAIRY"
"Sargento® products, select varieties",,SARGENTO,CHEESE,,CHEESE,DAIRY,DAIRY,"  SARGENTO   CHEESE, DAIRY"
"Sargento® products, select varieties, buy 3",,SARGENTO,CHEESE,,CHEESE,DAIRY,DAIRY,"  SARGENTO   CHEESE, DAIRY"
"Sargento Sliced Cheese, spend $18",,SARGENTO,CHEESE,,CHEESE,DAIRY,DAIRY,"  SARGENTO   CHEESE, DAIRY"
Sargento Product,,SARGENTO,CHEESE,,CHEESE,DAIRY,DAIRY,"  SARGENTO   CHEESE, DAIRY"
Country Crock® Plant Based Butter at Walmart,WALMART,COUNTRY CROCK PLANT BUTTER,NUT BUTTERS & JAM,,NUT BUTTERS & JAM,PANTRY,,"  COUNTRY CROCK PLANT BUTTER WALMART NUT BUTTERS & JAM, NUT BUTTERS & JAM"
Country Crock® Plant Based Cream at Walmart,WALMART,COUNTRY CROCK PLANT BUTTER,NUT BUTTERS & JAM,,NUT BUTTERS & JAM,PANTRY,,"  COUNTRY CROCK PLANT BUTTER WALMART NUT BUTTERS & JAM, NUT BUTTERS & JAM"
AleveX™ at Walmart,WALMART,ALEVE,MEDICINES & TREATMENTS,,MEDICINES & TREATMENTS,HEALTH & WELLNESS,,"  ALEVE WALMART MEDICINES & TREATMENTS, MEDICINES & TREATMENTS"
"Aleve® products, select varieties, 80 count+ at Walmart",WALMART,ALEVE,MEDICINES & TREATMENTS,,MEDICINES & TREATMENTS,HEALTH & WELLNESS,,"  ALEVE WALMART MEDICINES & TREATMENTS, MEDICINES & TREATMENTS"
"Aleve® products AND AleveX™, select varieties, at Walmart",WALMART,ALEVE,MEDICINES & TREATMENTS,,MEDICINES & TREATMENTS,HEALTH & WELLNESS,,"  ALEVE WALMART MEDICINES & TREATMENTS, MEDICINES & TREATMENTS"
"Magnum Non-Dairy Hazelnut Crunch Ice Cream Bars, 3 count",,MAGNUM ICE CREAM,FROZEN DESSERTS,,FROZEN DESSERTS,FROZEN,FROZEN,"  MAGNUM ICE CREAM   FROZEN DESSERTS, FROZEN"
LIFE SAVERS®,,LIFESAVERS,CANDY,,CANDY,SNACKS,,"  LIFESAVERS   CANDY, CANDY"
"LIFESAVERS®, any size, buy 1",,LIFESAVERS,CANDY,,CANDY,SNACKS,,"  LIFESAVERS   CANDY, CANDY"
"RESPAWN® by 5® GUM, at Walmart",WALMART,5 GUM,GUM,,GUM,CANDY,SNACKS,"  5 GUM WALMART GUM, SNACKS"
Wesson® Oil Products,,WESSON,COOKING & BAKING,,COOKING & BAKING,PANTRY,,"  WESSON   COOKING & BAKING, COOKING & BAKING"
"Bubbies Pickles, Sauerkraut, and Condiments at Whole Foods or Sprouts",SPROUTS FARMERS MARKET,BUBBIES,PREPARED MEALS,,PREPARED MEALS,DELI & BAKERY,,"  BUBBIES SPROUTS FARMERS MARKET PREPARED MEALS, PREPARED MEALS"
"Bubbies Pickles, Sauerkraut, OR Condiments at Whole Foods or Sprouts",SPROUTS FARMERS MARKET,BUBBIES,PREPARED MEALS,,PREPARED MEALS,DELI & BAKERY,,"  BUBBIES SPROUTS FARMERS MARKET PREPARED MEALS, PREPARED MEALS"
Spend $155 at Pavilions,PAVILIONS,PAVILIONS,COOKING & BAKING,,COOKING & BAKING,PANTRY,,"  PAVILIONS PAVILIONS COOKING & BAKING, COOKING & BAKING"
Shop 2 times at Pavilions,PAVILIONS,PAVILIONS,COOKING & BAKING,,COOKING & BAKING,PANTRY,,"  PAVILIONS PAVILIONS COOKING & BAKING, COOKING & BAKING"
Spend $100 at Pavilions,PAVILIONS,PAVILIONS,COOKING & BAKING,,COOKING & BAKING,PANTRY,,"  PAVILIONS PAVILIONS COOKING & BAKING, COOKING & BAKING"
Any Pavilions receipt,PAVILIONS,PAVILIONS,COOKING & BAKING,,COOKING & BAKING,PANTRY,,"  PAVILIONS PAVILIONS COOKING & BAKING, COOKING & BAKING"
Spend $270 at Pavilions,PAVILIONS,PAVILIONS,COOKING & BAKING,,COOKING & BAKING,PANTRY,,"  PAVILIONS PAVILIONS COOKING & BAKING, COOKING & BAKING"
Spend $90 at Star Market,STAR MARKET,STAR MARKET,COOKING & BAKING,,COOKING & BAKING,PANTRY,,"  STAR MARKET STAR MARKET COOKING & BAKING, COOKING & BAKING"
Shop 2 times at Star Market,STAR MARKET,STAR MARKET,COOKING & BAKING,,COOKING & BAKING,PANTRY,,"  STAR MARKET STAR MARKET COOKING & BAKING, COOKING & BAKING"
Spend $120 at Star Market,STAR MARKET,STAR MARKET,COOKING & BAKING,,COOKING & BAKING,PANTRY,,"  STAR MARKET STAR MARKET COOKING & BAKING, COOKING & BAKING"
Spend $220 at Star Market,STAR MARKET,STAR MARKET,COOKING & BAKING,,COOKING & BAKING,PANTRY,,"  STAR MARKET STAR MARKET COOKING & BAKING, COOKING & BAKING"
Any Star Market receipt,STAR MARKET,STAR MARKET,COOKING & BAKING,,COOKING & BAKING,PANTRY,,"  STAR MARKET STAR MARKET COOKING & BAKING, COOKING & BAKING"
"SNICKERS®, select sizes, buy 1",,SNICKERS,CANDY,,CANDY,SNACKS,,"  SNICKERS   CANDY, CANDY"
"SNICKERS® chocolate candy bar, select varieties",,SNICKERS,CANDY,,CANDY,SNACKS,,"  SNICKERS   CANDY, CANDY"
"Kodiak® products, select varieties, spend $10",,KODIAK CAKES FLAPJACK & WAFFLE MIX,"CEREAL, GRANOLA, & TOASTER PASTRIES",,"CEREAL, GRANOLA, & TOASTER PASTRIES",PANTRY,,"  KODIAK CAKES FLAPJACK   WAFFLE MIX   CEREAL, GRANOLA, & TOASTER PASTRIES, CEREAL, GRANOLA, & TOASTER PASTRIES"
Bays® English Muffins,,BAYS,BREAD,,BREAD,PANTRY,,"  BAYS   BREAD, BREAD"
"Super Coffee, 12 ounce single serve, buy 3",,SUPER COFFEE,COFFEE,,COFFEE,BEVERAGES,,"  SUPER COFFEE   COFFEE, COFFEE"
"Super Coffee, 12 ounce single serve",,SUPER COFFEE,COFFEE,,COFFEE,BEVERAGES,,"  SUPER COFFEE   COFFEE, COFFEE"
Blue Apron Meal Kits,BLUE APRON,BLUE APRON,COOKING & BAKING,,COOKING & BAKING,PANTRY,,"  BLUE APRON BLUE APRON COOKING & BAKING, COOKING & BAKING"
"Children's Astepro® Allergy, 22 count at Dollar General",DOLLAR GENERAL STORE,ASTEPRO,MEDICINES & TREATMENTS,,MEDICINES & TREATMENTS,HEALTH & WELLNESS,,"  ASTEPRO DOLLAR GENERAL STORE MEDICINES & TREATMENTS, MEDICINES & TREATMENTS"
"Adult Astepro® Allergy, 22 count at Dollar General",DOLLAR GENERAL STORE,ASTEPRO,MEDICINES & TREATMENTS,,MEDICINES & TREATMENTS,HEALTH & WELLNESS,,"  ASTEPRO DOLLAR GENERAL STORE MEDICINES & TREATMENTS, MEDICINES & TREATMENTS"
NatuChips® Plantain Chips,,NATUCHIPS,CHIPS,,CHIPS,SNACKS,,"  NATUCHIPS   CHIPS, CHIPS"
"Promised Land Dairy Milk, 52-ounce",,PROMISED LAND DAIRY,MILK,,MILK,DAIRY,DAIRY,"  PROMISED LAND DAIRY   MILK, DAIRY"
"CORE® Hydration, select varieties, at Walmart",WALMART,CORE HYDRATION,WATER,,WATER,BEVERAGES,,"  CORE HYDRATION WALMART WATER, WATER"
"CORE® Hydration, select varieties, buy 2 at Walmart",WALMART,CORE HYDRATION,WATER,,WATER,BEVERAGES,,"  CORE HYDRATION WALMART WATER, WATER"
"Colgate® Toothpaste AND Colgate® Toothbrush, select varieties at Walmart or Target",TARGET,COLGATE TOOTHBRUSHES,ORAL CARE,,ORAL CARE,HEALTH & WELLNESS,,"  COLGATE TOOTHBRUSHES TARGET ORAL CARE, ORAL CARE"
"EXTRA®, select varieties",,EXTRA,GUM,,GUM,CANDY,SNACKS,"  EXTRA   GUM, SNACKS"
"EXTRA®, select sizes",,EXTRA,GUM,,GUM,CANDY,SNACKS,"  EXTRA   GUM, SNACKS"
Wonderworks™ Keto* Friendly Cereal,,WONDERWORKS,"CEREAL, GRANOLA, & TOASTER PASTRIES",,"CEREAL, GRANOLA, & TOASTER PASTRIES",PANTRY,,"  WONDERWORKS   CEREAL, GRANOLA, & TOASTER PASTRIES, CEREAL, GRANOLA, & TOASTER PASTRIES"
"MTN DEW® Kickstart, 16-ounce 12 count, select varieties, at Amazon Storefront*",AMAZON,MOUNTAIN DEW,CARBONATED SOFT DRINKS,,CARBONATED SOFT DRINKS,BEVERAGES,,"  MOUNTAIN DEW AMAZON CARBONATED SOFT DRINKS, CARBONATED SOFT DRINKS"
"Stubborn Soda OR Bundaberg Ginger Beer, select varieties, at Amazon Storefront*",AMAZON,STUBBORN SODA,CARBONATED SOFT DRINKS,,CARBONATED SOFT DRINKS,BEVERAGES,,"  STUBBORN SODA AMAZON CARBONATED SOFT DRINKS, CARBONATED SOFT DRINKS"
"ORBIT®, select sizes, buy 1",,ORBIT,GUM,,GUM,CANDY,SNACKS,"  ORBIT   GUM, SNACKS"
"ORBIT®, select varieties",,ORBIT,GUM,,GUM,CANDY,SNACKS,"  ORBIT   GUM, SNACKS"
"Molson Coors®, select varieties, 12 Pack+, buy 2",,TOPO CHICO HARD SELTZER,"HARD SELTZERS, SODAS, WATERS, LEMONADES & TEAS",,"HARD SELTZERS, SODAS, WATERS, LEMONADES & TEAS",ALCOHOL,,"  TOPO CHICO HARD SELTZER   HARD SELTZERS, SODAS, WATERS, LEMONADES & TEAS, HARD SELTZERS, SODAS, WATERS, LEMONADES & TEAS"
"Starry™ Lemon Lime Soda multipacks, at Kroger",DILLONS GROCERY,STARRY,CARBONATED SOFT DRINKS,,CARBONATED SOFT DRINKS,BEVERAGES,,"  STARRY DILLONS GROCERY CARBONATED SOFT DRINKS, CARBONATED SOFT DRINKS"
"Starry™ Lemon Lime Soda, 7.5-ounce 10 pack, at Amazon Storefront*",AMAZON,STARRY,CARBONATED SOFT DRINKS,,CARBONATED SOFT DRINKS,BEVERAGES,,"  STARRY AMAZON CARBONATED SOFT DRINKS, CARBONATED SOFT DRINKS"
"Tyson Products, select varieties, spend $15 at Walmart",WALMART,AIDELLS,PACKAGED MEAT,,PACKAGED MEAT,PANTRY,,"  AIDELLS WALMART PACKAGED MEAT, PACKAGED MEAT"
"Häagen-Dazs®, 28 ounce, at GROCERY* stores",,HAAGEN DAZS,FROZEN DESSERTS,,FROZEN DESSERTS,FROZEN,FROZEN,"  HAAGEN DAZS   FROZEN DESSERTS, FROZEN"
"André® California, Champagne OR Sparkling Wines, 750mL bottle",,ANDRE,WINE,,WINE,ALCOHOL,,"  ANDRE   WINE, WINE"
Degree for Men OR Women Dry Spray,,DEGREE,DEODORANT & ANTIPERSPIRANT,,DEODORANT & ANTIPERSPIRANT,HEALTH & WELLNESS,,"  DEGREE   DEODORANT & ANTIPERSPIRANT, DEODORANT & ANTIPERSPIRANT"
Cheerios™ Oat Crunch Berry Cereal,,CHEERIOS,"CEREAL, GRANOLA, & TOASTER PASTRIES",,"CEREAL, GRANOLA, & TOASTER PASTRIES",PANTRY,,"  CHEERIOS   CEREAL, GRANOLA, & TOASTER PASTRIES, CEREAL, GRANOLA, & TOASTER PASTRIES"
"Snuggle® Liquid Fabric Softener, at Walmart",WALMART,SNUGGLE,HOUSEHOLD SUPPLIES,,HOUSEHOLD SUPPLIES,HOUSEHOLD SUPPLIES,HOUSEHOLD SUPPLIES,"  SNUGGLE WALMART HOUSEHOLD SUPPLIES, HOUSEHOLD SUPPLIES"
"General Mills™ snacks, select brands, spend $10",,BUGLES,CHIPS,,CHIPS,SNACKS,,"  BUGLES   CHIPS, CHIPS"
The Rustik Oven® bread,,RUSTIK OVEN,BREAD,,BREAD,PANTRY,,"  RUSTIK OVEN   BREAD, BREAD"
Spend $15 at Burger King,BURGER KING,BURGER KING,COOKING & BAKING,,COOKING & BAKING,PANTRY,,"  BURGER KING BURGER KING COOKING & BAKING, COOKING & BAKING"
Cameron’s Coffee EcoPods,,CAMERON'S COFFEE,COFFEE,,COFFEE,BEVERAGES,,"  CAMERON'S COFFEE   COFFEE, COFFEE"
"Jack Link's®, select varieties",,JACK LINKS,JERKY & DRIED MEAT,,JERKY & DRIED MEAT,SNACKS,,"  JACK LINKS   JERKY & DRIED MEAT, JERKY & DRIED MEAT"
"Any General Mills™ products, buy 2
Good Rewards Members Only",,ANNIES HOMEGROWN GROCERY,CHEESE,Any General Products Good Rewards Members,CHEESE,DAIRY,DAIRY,"Any General Products Good Rewards Members ANNIES HOMEGROWN GROCERY   CHEESE, DAIRY"
"Any General Mills™ products, buy 2
Good Rewards Members Only",,ANNIES HOMEGROWN GROCERY,CRACKERS,Any General Products Good Rewards Members,CRACKERS,SNACKS,,"Any General Products Good Rewards Members ANNIES HOMEGROWN GROCERY   CRACKERS, CRACKERS"
"Any General Mills™ products, buy 2
Good Rewards Members Only",,ANNIES HOMEGROWN GROCERY,FRUIT & VEGETABLE SNACKS,Any General Products Good Rewards Members,FRUIT & VEGETABLE SNACKS,SNACKS,,"Any General Products Good Rewards Members ANNIES HOMEGROWN GROCERY   FRUIT & VEGETABLE SNACKS, FRUIT & VEGETABLE SNACKS"
"Any General Mills™ products, buy 2
Good Rewards Members Only",,ANNIES HOMEGROWN GROCERY,DRESSINGS,Any General Products Good Rewards Members,DRESSINGS,PANTRY,,"Any General Products Good Rewards Members ANNIES HOMEGROWN GROCERY   DRESSINGS, DRESSINGS"
"Any General Mills™ products, buy 2
Good Rewards Members Only",,ANNIES HOMEGROWN GROCERY,COOKING & BAKING,Any General Products Good Rewards Members,COOKING & BAKING,PANTRY,,"Any General Products Good Rewards Members ANNIES HOMEGROWN GROCERY   COOKING & BAKING, COOKING & BAKING"
"Any General Mills™ products, buy 2
Good Rewards Members Only",,ANNIES HOMEGROWN GROCERY,REFRIGERATED DOUGHS,Any General Products Good Rewards Members,REFRIGERATED DOUGHS,DAIRY,DAIRY,"Any General Products Good Rewards Members ANNIES HOMEGROWN GROCERY   REFRIGERATED DOUGHS, DAIRY"
"Any General Mills™ products, buy 2
Good Rewards Members Only",,ANNIES HOMEGROWN GROCERY,PACKAGED VEGETABLES,Any General Products Good Rewards Members,PACKAGED VEGETABLES,PANTRY,,"Any General Products Good Rewards Members ANNIES HOMEGROWN GROCERY   PACKAGED VEGETABLES, PACKAGED VEGETABLES"
"Any General Mills™ products, buy 2
Good Rewards Members Only",,ANNIES HOMEGROWN GROCERY,FROZEN MEALS,Any General Products Good Rewards Members,FROZEN MEALS,FROZEN,FROZEN,"Any General Products Good Rewards Members ANNIES HOMEGROWN GROCERY   FROZEN MEALS, FROZEN"
"Any General Mills™ products, buy 2
Good Rewards Members Only",,ANNIES HOMEGROWN GROCERY,CHIPS,Any General Products Good Rewards Members,CHIPS,SNACKS,,"Any General Products Good Rewards Members ANNIES HOMEGROWN GROCERY   CHIPS, CHIPS"
"Any General Mills™ products, buy 2
Good Rewards Members Only",,ANNIES HOMEGROWN GROCERY,FROZEN PIZZA & PIZZA SNACKS,Any General Products Good Rewards Members,FROZEN PIZZA & PIZZA SNACKS,FROZEN,FROZEN,"Any General Products Good Rewards Members ANNIES HOMEGROWN GROCERY   FROZEN PIZZA & PIZZA SNACKS, FROZEN"
"Any General Mills™ products, buy 2
Good Rewards Members Only",,ANNIES HOMEGROWN GROCERY,"CEREAL, GRANOLA, & TOASTER PASTRIES",Any General Products Good Rewards Members,"CEREAL, GRANOLA, & TOASTER PASTRIES",PANTRY,,"Any General Products Good Rewards Members ANNIES HOMEGROWN GROCERY   CEREAL, GRANOLA, & TOASTER PASTRIES, CEREAL, GRANOLA, & TOASTER PASTRIES"
"Any General Mills™ products, buy 2
Good Rewards Members Only",,ANNIES HOMEGROWN GROCERY,BREAD,Any General Products Good Rewards Members,BREAD,PANTRY,,"Any General Products Good Rewards Members ANNIES HOMEGROWN GROCERY   BREAD, BREAD"
"Any General Mills™ products, buy 2
Good Rewards Members Only",,ANNIES HOMEGROWN GROCERY,FROZEN BREAKFAST,Any General Products Good Rewards Members,FROZEN BREAKFAST,FROZEN,FROZEN,"Any General Products Good Rewards Members ANNIES HOMEGROWN GROCERY   FROZEN BREAKFAST, FROZEN"
"Any General Mills™ products, buy 2
Good Rewards Members Only",,ANNIES HOMEGROWN GROCERY,COOKIES,Any General Products Good Rewards Members,COOKIES,SNACKS,,"Any General Products Good Rewards Members ANNIES HOMEGROWN GROCERY   COOKIES, COOKIES"
"Any General Mills™ products, buy 2
Good Rewards Members Only",,ANNIES HOMEGROWN GROCERY,SOUP & BROTH,Any General Products Good Rewards Members,SOUP & BROTH,PANTRY,,"Any General Products Good Rewards Members ANNIES HOMEGROWN GROCERY   SOUP & BROTH, SOUP & BROTH"
"Sign up for McAlister's Deli Rewards, tap for details",MCALISTERS DELI,MCALISTERS DELI,PREPARED MEALS,Sign Rewards Tap Details,PREPARED MEALS,DELI & BAKERY,,"Sign Rewards Tap Details MCALISTERS DELI MCALISTERS DELI PREPARED MEALS, PREPARED MEALS"
"Sign up for McAlister's Deli Rewards, tap for details",MCALISTERS DELI,MCALISTERS DELI,LEAFY SALADS,Sign Rewards Tap Details,LEAFY SALADS,DELI & BAKERY,,"Sign Rewards Tap Details MCALISTERS DELI MCALISTERS DELI LEAFY SALADS, LEAFY SALADS"
"Sign up for McAlister's Deli Rewards, tap for details",MCALISTERS DELI,MCALISTERS DELI,TEA,Sign Rewards Tap Details,TEA,BEVERAGES,,"Sign Rewards Tap Details MCALISTERS DELI MCALISTERS DELI TEA, TEA"
"Sign up for McAlister's Deli Rewards, tap for details",MCALISTERS DELI,MCALISTERS DELI,WINE,Sign Rewards Tap Details,WINE,ALCOHOL,,"Sign Rewards Tap Details MCALISTERS DELI MCALISTERS DELI WINE, WINE"
"Sign up for McAlister's Deli Rewards, tap for details",MCALISTERS DELI,MCALISTERS DELI,FRUIT JUICES,Sign Rewards Tap Details,FRUIT JUICES,BEVERAGES,,"Sign Rewards Tap Details MCALISTERS DELI MCALISTERS DELI FRUIT JUICES, FRUIT JUICES"
"Sign up for McAlister's Deli Rewards, tap for details",MCALISTERS DELI,MCALISTERS DELI,COOKIES,Sign Rewards Tap Details,COOKIES,SNACKS,,"Sign Rewards Tap Details MCALISTERS DELI MCALISTERS DELI COOKIES, COOKIES"
"Sign up for McAlister's Deli Rewards, tap for details",MCALISTERS DELI,MCALISTERS DELI,CARBONATED SOFT DRINKS,Sign Rewards Tap Details,CARBONATED SOFT DRINKS,BEVERAGES,,"Sign Rewards Tap Details MCALISTERS DELI MCALISTERS DELI CARBONATED SOFT DRINKS, CARBONATED SOFT DRINKS"
"Sign up for McAlister's Deli Rewards, tap for details",MCALISTERS DELI,MCALISTERS DELI,CHEESE,Sign Rewards Tap Details,CHEESE,DAIRY,DAIRY,"Sign Rewards Tap Details MCALISTERS DELI MCALISTERS DELI CHEESE, DAIRY"
"Sign up for McAlister's Deli Rewards, tap for details",MCALISTERS DELI,MCALISTERS DELI,CHIPS,Sign Rewards Tap Details,CHIPS,SNACKS,,"Sign Rewards Tap Details MCALISTERS DELI MCALISTERS DELI CHIPS, CHIPS"
"Sign up for McAlister's Deli Rewards, tap for details",MCALISTERS DELI,MCALISTERS DELI,WATER,Sign Rewards Tap Details,WATER,BEVERAGES,,"Sign Rewards Tap Details MCALISTERS DELI MCALISTERS DELI WATER, WATER"
"Sign up for McAlister's Deli Rewards, tap for details",MCALISTERS DELI,MCALISTERS DELI,MILK,Sign Rewards Tap Details,MILK,DAIRY,DAIRY,"Sign Rewards Tap Details MCALISTERS DELI MCALISTERS DELI MILK, DAIRY"
"Sign up for McAlister's Deli Rewards, tap for details",MCALISTERS DELI,MCALISTERS DELI,BAKERY,Sign Rewards Tap Details,BAKERY,DELI & BAKERY,,"Sign Rewards Tap Details MCALISTERS DELI MCALISTERS DELI BAKERY, BAKERY"
"Sign up for McAlister's Deli Rewards, tap for details",MCALISTERS DELI,MCALISTERS DELI,COOKING & BAKING,Sign Rewards Tap Details,COOKING & BAKING,PANTRY,,"Sign Rewards Tap Details MCALISTERS DELI MCALISTERS DELI COOKING & BAKING, COOKING & BAKING"
"Sign up for McAlister's Deli Rewards, tap for details",MCALISTERS DELI,MCALISTERS DELI,PACKAGED MEALS & SIDES,Sign Rewards Tap Details,PACKAGED MEALS & SIDES,PANTRY,,"Sign Rewards Tap Details MCALISTERS DELI MCALISTERS DELI PACKAGED MEALS & SIDES, PACKAGED MEALS & SIDES"
"Sign up for McAlister's Deli Rewards, tap for details",MCALISTERS DELI,MCALISTERS DELI,PICKLED GOODS,Sign Rewards Tap Details,PICKLED GOODS,PANTRY,,"Sign Rewards Tap Details MCALISTERS DELI MCALISTERS DELI PICKLED GOODS, PICKLED GOODS"
"Sign up for McAlister's Deli Rewards, tap for details",MCALISTERS DELI,MCALISTERS DELI,SOUP & BROTH,Sign Rewards Tap Details,SOUP & BROTH,PANTRY,,"Sign Rewards Tap Details MCALISTERS DELI MCALISTERS DELI SOUP & BROTH, SOUP & BROTH"
"Sign up for McAlister's Deli Rewards, tap for details",MCALISTERS DELI,MCALISTERS DELI,FROZEN CHICKEN,Sign Rewards Tap Details,FROZEN CHICKEN,FROZEN MEAT,,"Sign Rewards Tap Details MCALISTERS DELI MCALISTERS DELI FROZEN CHICKEN, FROZEN CHICKEN"
"Sign up for McAlister's Deli Rewards, tap for details",MCALISTERS DELI,MCALISTERS DELI,CANDY,Sign Rewards Tap Details,CANDY,SNACKS,,"Sign Rewards Tap Details MCALISTERS DELI MCALISTERS DELI CANDY, CANDY"
"Sign up for McAlister's Deli Rewards, tap for details",MCALISTERS DELI,MCALISTERS DELI,DRESSINGS,Sign Rewards Tap Details,DRESSINGS,PANTRY,,"Sign Rewards Tap Details MCALISTERS DELI MCALISTERS DELI DRESSINGS, DRESSINGS"
"Sign up for McAlister's Deli Rewards, tap for details",MCALISTERS DELI,MCALISTERS DELI,COFFEE,Sign Rewards Tap Details,COFFEE,BEVERAGES,,"Sign Rewards Tap Details MCALISTERS DELI MCALISTERS DELI COFFEE, COFFEE"
"Sign up for McAlister's Deli Rewards, tap for details",MCALISTERS DELI,MCALISTERS DELI,PACKAGED FRUIT & APPLESAUCE,Sign Rewards Tap Details,PACKAGED FRUIT & APPLESAUCE,PANTRY,,"Sign Rewards Tap Details MCALISTERS DELI MCALISTERS DELI PACKAGED FRUIT & APPLESAUCE, PACKAGED FRUIT & APPLESAUCE"
"Sign up for McAlister's Deli Rewards, tap for details",MCALISTERS DELI,MCALISTERS DELI,FRUIT & VEGETABLE SNACKS,Sign Rewards Tap Details,FRUIT & VEGETABLE SNACKS,SNACKS,,"Sign Rewards Tap Details MCALISTERS DELI MCALISTERS DELI FRUIT & VEGETABLE SNACKS, FRUIT & VEGETABLE SNACKS"
"Sign up for McAlister's Deli Rewards, tap for details",MCALISTERS DELI,MCALISTERS DELI,FROZEN MEALS,Sign Rewards Tap Details,FROZEN MEALS,FROZEN,FROZEN,"Sign Rewards Tap Details MCALISTERS DELI MCALISTERS DELI FROZEN MEALS, FROZEN"
"Sign up for McAlister's Deli Rewards, tap for details",MCALISTERS DELI,MCALISTERS DELI,SAUCES & MARINADES,Sign Rewards Tap Details,SAUCES & MARINADES,PANTRY,,"Sign Rewards Tap Details MCALISTERS DELI MCALISTERS DELI SAUCES & MARINADES, SAUCES & MARINADES"
"Sign up for McAlister's Deli Rewards, tap for details",MCALISTERS DELI,MCALISTERS DELI,DIPS & SALSA,Sign Rewards Tap Details,DIPS & SALSA,SNACKS,,"Sign Rewards Tap Details MCALISTERS DELI MCALISTERS DELI DIPS & SALSA, DIPS & SALSA"
"Sign up for McAlister's Deli Rewards, tap for details",MCALISTERS DELI,MCALISTERS DELI,BREAD,Sign Rewards Tap Details,BREAD,PANTRY,,"Sign Rewards Tap Details MCALISTERS DELI MCALISTERS DELI BREAD, BREAD"
"Sign up for McAlister's Deli Rewards, tap for details",MCALISTERS DELI,MCALISTERS DELI,PASTA & NOODLES,Sign Rewards Tap Details,PASTA & NOODLES,PANTRY,,"Sign Rewards Tap Details MCALISTERS DELI MCALISTERS DELI PASTA & NOODLES, PASTA & NOODLES"
"Sign up for McAlister's Deli Rewards, tap for details",MCALISTERS DELI,MCALISTERS DELI,FROZEN TURKEY,Sign Rewards Tap Details,FROZEN TURKEY,FROZEN MEAT,,"Sign Rewards Tap Details MCALISTERS DELI MCALISTERS DELI FROZEN TURKEY, FROZEN TURKEY"
12 Pack OR 2 Liter AND Whole Pizza Pie at Casey's,CASEYS GENERAL STORE,CASEYS GENERAL STORE,FROZEN PIZZA & PIZZA SNACKS,Pack Whole Pizza Pie,FROZEN PIZZA & PIZZA SNACKS,FROZEN,FROZEN,"Pack Whole Pizza Pie CASEYS GENERAL STORE CASEYS GENERAL STORE FROZEN PIZZA & PIZZA SNACKS, FROZEN"
12 Pack OR 2 Liter AND Whole Pizza at Casey's,CASEYS GENERAL STORE,CASEYS GENERAL STORE,FROZEN PIZZA & PIZZA SNACKS,Pack Whole Pizza,FROZEN PIZZA & PIZZA SNACKS,FROZEN,FROZEN,"Pack Whole Pizza CASEYS GENERAL STORE CASEYS GENERAL STORE FROZEN PIZZA & PIZZA SNACKS, FROZEN"
12 pack OR 2 liter AND Whole Pizza at Casey's,CASEYS GENERAL STORE,CASEYS GENERAL STORE,FROZEN PIZZA & PIZZA SNACKS,Pack Whole Pizza,FROZEN PIZZA & PIZZA SNACKS,FROZEN,FROZEN,"Pack Whole Pizza CASEYS GENERAL STORE CASEYS GENERAL STORE FROZEN PIZZA & PIZZA SNACKS, FROZEN"
2 Pack OR 2 Liter AND Whole Pizza at Casey's,CASEYS GENERAL STORE,CASEYS GENERAL STORE,FROZEN PIZZA & PIZZA SNACKS,Pack Whole Pizza,FROZEN PIZZA & PIZZA SNACKS,FROZEN,FROZEN,"Pack Whole Pizza CASEYS GENERAL STORE CASEYS GENERAL STORE FROZEN PIZZA & PIZZA SNACKS, FROZEN"
:ratio™ KETO* Friendly Cereal OR Granola,,RATIO,"CEREAL, GRANOLA, & TOASTER PASTRIES",Keto Friendly Cereal Granola,"CEREAL, GRANOLA, & TOASTER PASTRIES",PANTRY,,"Keto Friendly Cereal Granola RATIO   CEREAL, GRANOLA, & TOASTER PASTRIES, CEREAL, GRANOLA, & TOASTER PASTRIES"
"Arnold, Brownberry, Oroweat® Keto bread, buy 2",,ARNOLD BROWNBERRY OROWEAT,BREAD,Keto Bread,BREAD,PANTRY,,"Keto Bread ARNOLD BROWNBERRY OROWEAT   BREAD, BREAD"
"Arnold, Brownberry, Oroweat® Small Slice bread, at Walmart",WALMART,ARNOLD BROWNBERRY OROWEAT,BREAD,Small Slice Bread,BREAD,PANTRY,,"Small Slice Bread ARNOLD BROWNBERRY OROWEAT WALMART BREAD, BREAD"
Arnold® Grains Almighty,,ARNOLD BROWNBERRY OROWEAT,BREAD,Grains Almighty,BREAD,PANTRY,,"Grains Almighty ARNOLD BROWNBERRY OROWEAT   BREAD, BREAD"
"Artesano® buns, buy 2 at Walmart®",WALMART,SARA LEE ARTESANO,BAKERY,Buns,BAKERY,DELI & BAKERY,,"Buns SARA LEE ARTESANO WALMART BAKERY, BAKERY"
"Bai® Antioxidant, 6 pack, at Walmart",WALMART,BAI,WATER,Antioxidant Pack,WATER,BEVERAGES,,"Antioxidant Pack BAI WALMART WATER, WATER"
"Bai® Antioxidant, 6 pack, buy 2 at Walmart",WALMART,BAI,WATER,Antioxidant Pack,WATER,BEVERAGES,,"Antioxidant Pack BAI WALMART WATER, WATER"
"BallPark® buns, buy 2",,BALL PARK POP UPS,BREAD,Buns,BREAD,PANTRY,,"Buns BALL PARK POP UPS   BREAD, BREAD"
"Barilla® Pasta, select varieties, buy 2",,BARILLA,DRY PASTA,Pasta,DRY PASTA,PASTA & NOODLES,PANTRY,"Pasta BARILLA   DRY PASTA, PANTRY"
Barilla® Pesto Sauce,,BARILLA,PESTO SAUCE,Pesto Sauce,PESTO SAUCE,PASTA SAUCE,,"Pesto Sauce BARILLA   PESTO SAUCE, PESTO SAUCE"
"Barilla® pasta, select varieties, buy 2",,BARILLA,DRY PASTA,Pasta,DRY PASTA,PASTA & NOODLES,PANTRY,"Pasta BARILLA   DRY PASTA, PANTRY"
"Barilla® pasta, select varieties, buy 3",,BARILLA,DRY PASTA,Pasta,DRY PASTA,PASTA & NOODLES,PANTRY,"Pasta BARILLA   DRY PASTA, PANTRY"
"Barilla® pasta, select varieties, buy 4",,BARILLA,DRY PASTA,Pasta,DRY PASTA,PASTA & NOODLES,PANTRY,"Pasta BARILLA   DRY PASTA, PANTRY"
"Beech-Nut pouches, buy 8",,BEECHNUT,NUTS & SEEDS,Beech Nut Pouches,NUTS & SEEDS,SNACKS,,"Beech Nut Pouches BEECHNUT   NUTS & SEEDS, NUTS & SEEDS"
"Beech-Nut snacks, select varieties",,BEECHNUT,FRUIT & VEGETABLE SNACKS,Beech Nut Snacks,FRUIT & VEGETABLE SNACKS,SNACKS,,"Beech Nut Snacks BEECHNUT   FRUIT & VEGETABLE SNACKS, FRUIT & VEGETABLE SNACKS"
"Beyond Meat® Plant-Based products, spend $15",,BEYOND MEAT,PLANT-BASED MEAT,Plant Based Products,PLANT-BASED MEAT,MEAT & SEAFOOD,,"Plant Based Products BEYOND MEAT   PLANT-BASED MEAT, PLANT-BASED MEAT"
"Beyond Meat® Plant-Based products, spend $20",,BEYOND MEAT,PLANT-BASED MEAT,Plant Based Products,PLANT-BASED MEAT,MEAT & SEAFOOD,,"Plant Based Products BEYOND MEAT   PLANT-BASED MEAT, PLANT-BASED MEAT"
"Beyond Meat® Plant-Based products, spend $25",,BEYOND MEAT,PLANT-BASED MEAT,Plant Based Products,PLANT-BASED MEAT,MEAT & SEAFOOD,,"Plant Based Products BEYOND MEAT   PLANT-BASED MEAT, PLANT-BASED MEAT"
"Beyond Steak™ Plant-Based seared tips, 10 ounce at H-E-B",H-E-B,BEYOND MEAT,PLANT-BASED MEAT,Plant Based Seared Tips H E B,PLANT-BASED MEAT,MEAT & SEAFOOD,,"Plant Based Seared Tips H E B BEYOND MEAT H-E-B PLANT-BASED MEAT, PLANT-BASED MEAT"
"Beyond Steak™ Plant-Based seared tips, 10 ounce at Target",TARGET,BEYOND MEAT,PLANT-BASED MEAT,Plant Based Seared Tips,PLANT-BASED MEAT,MEAT & SEAFOOD,,"Plant Based Seared Tips BEYOND MEAT TARGET PLANT-BASED MEAT, PLANT-BASED MEAT"
"Beyond Steak™ Plant-Based seared tips, 10 ounce, buy 2 at H-E-B",H-E-B,BEYOND MEAT,PLANT-BASED MEAT,Plant Based Seared Tips H E B,PLANT-BASED MEAT,MEAT & SEAFOOD,,"Plant Based Seared Tips H E B BEYOND MEAT H-E-B PLANT-BASED MEAT, PLANT-BASED MEAT"
"Beyond Steak™ Plant-Based seared tips, 10 ounce, buy 2 at Target",TARGET,BEYOND MEAT,PLANT-BASED MEAT,Plant Based Seared Tips,PLANT-BASED MEAT,MEAT & SEAFOOD,,"Plant Based Seared Tips BEYOND MEAT TARGET PLANT-BASED MEAT, PLANT-BASED MEAT"
"Bimbo® sweet baked goods, buy 2",,BIMBO,BAKERY,Sweet Baked Goods,BAKERY,DELI & BAKERY,,"Sweet Baked Goods BIMBO   BAKERY, BAKERY"
"Bio-Oil® Skincare Oil OR Gel, select varieties",,BIO OIL,SKIN CARE,Skincare Gel,SKIN CARE,HEALTH & WELLNESS,,"Skincare Gel BIO OIL   SKIN CARE, SKIN CARE"
"Bio-Oil® products, select varieties",,BIO OIL,SKIN CARE,Products,SKIN CARE,HEALTH & WELLNESS,,"Products BIO OIL   SKIN CARE, SKIN CARE"
"Breyers Reese's Ice Cream, select varieties, at GIANT OR MARTIN’S",MARTINS FOODS,BREYERS,FROZEN DESSERTS,Reeses Ice Cream Giant Martin,FROZEN DESSERTS,FROZEN,FROZEN,"Reeses Ice Cream Giant Martin BREYERS MARTINS FOODS FROZEN DESSERTS, FROZEN"
Brita® Pitcher AND Filter,,BRITA,WATER,Pitcher Filter,WATER,BEVERAGES,,"Pitcher Filter BRITA   WATER, WATER"
Brita® Pitcher OR Dispenser,,BRITA,WATER,Pitcher Dispenser,WATER,BEVERAGES,,"Pitcher Dispenser BRITA   WATER, WATER"
Brita® Standard OR Elite Filters,,BRITA,WATER,Standard Elite Filters,WATER,BEVERAGES,,"Standard Elite Filters BRITA   WATER, WATER"
"Brownie Brittle® Snacks, select varieties, buy 2",,BROWNIE BRITTLE,BAKERY,Snacks,BAKERY,DELI & BAKERY,,"Snacks BROWNIE BRITTLE   BAKERY, BAKERY"
"Burt's Bee's® Facial Wipes, select varieties, 30 count at Walmart",WALMART,BURTS BEES,HAIR REMOVAL,Facial Wipes,HAIR REMOVAL,HEALTH & WELLNESS,,"Facial Wipes BURTS BEES WALMART HAIR REMOVAL, HAIR REMOVAL"
"Burt's Bees Sensitive Lotions and Creams, select varieties, at Walmart",WALMART,BURTS BEES,SKIN CARE,Sensitive Lotions Creams,SKIN CARE,HEALTH & WELLNESS,,"Sensitive Lotions Creams BURTS BEES WALMART SKIN CARE, SKIN CARE"
"Burt's Bees® Sensitive Lotions and Creams, select varieties, at Walmart",WALMART,BURTS BEES,SKIN CARE,Sensitive Lotions Creams,SKIN CARE,HEALTH & WELLNESS,,"Sensitive Lotions Creams BURTS BEES WALMART SKIN CARE, SKIN CARE"
"Burt's Bees® products, select varieties, at Walmart",WALMART,BURTS BEES,HAIR REMOVAL,Products,HAIR REMOVAL,HEALTH & WELLNESS,,"Products BURTS BEES WALMART HAIR REMOVAL, HAIR REMOVAL"
"Butterball, select varieties, Spend $10 at Ruler Foods",RULER FOODS,BUTTERBALL,NUT BUTTERS & JAM,,NUT BUTTERS & JAM,PANTRY,," BUTTERBALL RULER FOODS NUT BUTTERS & JAM, NUT BUTTERS & JAM"
"Butterball, select varieties, spend $10 at Dillons Food Store",DILLONS FOOD STORE,BUTTERBALL,NUT BUTTERS & JAM,,NUT BUTTERS & JAM,PANTRY,," BUTTERBALL DILLONS FOOD STORE NUT BUTTERS & JAM, NUT BUTTERS & JAM"
"Butterball, select varieties, spend $10 at Food 4 Less",FOOD4LESS,BUTTERBALL,NUT BUTTERS & JAM,Food Less,NUT BUTTERS & JAM,PANTRY,,"Food Less BUTTERBALL FOOD4LESS NUT BUTTERS & JAM, NUT BUTTERS & JAM"
"Butterball, select varieties, spend $10 at Fred Meyer",FRED MEYER,BUTTERBALL,NUT BUTTERS & JAM,,NUT BUTTERS & JAM,PANTRY,," BUTTERBALL FRED MEYER NUT BUTTERS & JAM, NUT BUTTERS & JAM"
"Butterball, select varieties, spend $10 at Fry's Food Store",FRYS FOOD STORE,BUTTERBALL,NUT BUTTERS & JAM,,NUT BUTTERS & JAM,PANTRY,," BUTTERBALL FRYS FOOD STORE NUT BUTTERS & JAM, NUT BUTTERS & JAM"
"Butterball, select varieties, spend $10 at King Soopers",KING SOOPERS,BUTTERBALL,NUT BUTTERS & JAM,,NUT BUTTERS & JAM,PANTRY,," BUTTERBALL KING SOOPERS NUT BUTTERS & JAM, NUT BUTTERS & JAM"
"Butterball, select varieties, spend $10 at Kroger",KROGER,BUTTERBALL,NUT BUTTERS & JAM,,NUT BUTTERS & JAM,PANTRY,," BUTTERBALL KROGER NUT BUTTERS & JAM, NUT BUTTERS & JAM"
"Butterball, select varieties, spend $10 at Mariano's",MARIANOS,BUTTERBALL,NUT BUTTERS & JAM,,NUT BUTTERS & JAM,PANTRY,," BUTTERBALL MARIANOS NUT BUTTERS & JAM, NUT BUTTERS & JAM"
"Butterball, select varieties, spend $10 at Pick 'n Save OR Metro Market",PICK N SAVE,BUTTERBALL,FROZEN TURKEY,Metro Market,FROZEN TURKEY,FROZEN MEAT,,"Metro Market BUTTERBALL PICK N SAVE FROZEN TURKEY, FROZEN TURKEY"
"Butterball, select varieties, spend $10 at QFC",QFC,BUTTERBALL,NUT BUTTERS & JAM,,NUT BUTTERS & JAM,PANTRY,," BUTTERBALL QFC NUT BUTTERS & JAM, NUT BUTTERS & JAM"
"Butterball, select varieties, spend $10 at Ralphs",RALPHS,BUTTERBALL,NUT BUTTERS & JAM,,NUT BUTTERS & JAM,PANTRY,," BUTTERBALL RALPHS NUT BUTTERS & JAM, NUT BUTTERS & JAM"
"Butterball, select varieties, spend $10 at Smith's",SMITHS,BUTTERBALL,NUT BUTTERS & JAM,,NUT BUTTERS & JAM,PANTRY,," BUTTERBALL SMITHS NUT BUTTERS & JAM, NUT BUTTERS & JAM"
CESAR® Wet Dog Food Singles,,CESAR,DOG SUPPLIES,Wet Dog Food Singles,DOG SUPPLIES,ANIMALS & PET SUPPLIES,,"Wet Dog Food Singles CESAR   DOG SUPPLIES, DOG SUPPLIES"
"CESAR® Wet Dog Food, spend $20",,CESAR,DOG SUPPLIES,Wet Dog Food,DOG SUPPLIES,ANIMALS & PET SUPPLIES,,"Wet Dog Food CESAR   DOG SUPPLIES, DOG SUPPLIES"
Chosen Foods® Dressings,,CHOSEN FOODS,DRESSINGS,Dressings,DRESSINGS,PANTRY,,"Dressings CHOSEN FOODS   DRESSINGS, DRESSINGS"
"Chosen Foods® Mayo, select varieties",,CHOSEN FOODS,COOKING & BAKING,Mayo,COOKING & BAKING,PANTRY,,"Mayo CHOSEN FOODS   COOKING & BAKING, COOKING & BAKING"
"Coors Light®, Miller Lite® OR VIZZY™ 12 pack+",,VIZZY,"HARD SELTZERS, SODAS, WATERS, LEMONADES & TEAS",Coors Miller,"HARD SELTZERS, SODAS, WATERS, LEMONADES & TEAS",ALCOHOL,,"Coors Miller VIZZY   HARD SELTZERS, SODAS, WATERS, LEMONADES & TEAS, HARD SELTZERS, SODAS, WATERS, LEMONADES & TEAS"
"Coors Light®, Miller Lite® OR VIZZY™ 12 packs+, buy 2",,VIZZY,"HARD SELTZERS, SODAS, WATERS, LEMONADES & TEAS",Coors Miller,"HARD SELTZERS, SODAS, WATERS, LEMONADES & TEAS",ALCOHOL,,"Coors Miller VIZZY   HARD SELTZERS, SODAS, WATERS, LEMONADES & TEAS, HARD SELTZERS, SODAS, WATERS, LEMONADES & TEAS"
"Coors Light®, Miller Lite® OR VIZZY™ 12 packs+, buy 3",,VIZZY,"HARD SELTZERS, SODAS, WATERS, LEMONADES & TEAS",Coors Miller,"HARD SELTZERS, SODAS, WATERS, LEMONADES & TEAS",ALCOHOL,,"Coors Miller VIZZY   HARD SELTZERS, SODAS, WATERS, LEMONADES & TEAS, HARD SELTZERS, SODAS, WATERS, LEMONADES & TEAS"
"Coors Light®, Miller Lite® OR VIZZY™ 12 packs+, buy 4",,VIZZY,"HARD SELTZERS, SODAS, WATERS, LEMONADES & TEAS",Coors Miller,"HARD SELTZERS, SODAS, WATERS, LEMONADES & TEAS",ALCOHOL,,"Coors Miller VIZZY   HARD SELTZERS, SODAS, WATERS, LEMONADES & TEAS, HARD SELTZERS, SODAS, WATERS, LEMONADES & TEAS"
"Coors Light®, Miller Lite® OR VIZZY™ 12 packs+, buy 5",,VIZZY,"HARD SELTZERS, SODAS, WATERS, LEMONADES & TEAS",Coors Miller,"HARD SELTZERS, SODAS, WATERS, LEMONADES & TEAS",ALCOHOL,,"Coors Miller VIZZY   HARD SELTZERS, SODAS, WATERS, LEMONADES & TEAS, HARD SELTZERS, SODAS, WATERS, LEMONADES & TEAS"
"Crunchmaster® Crackers, spend $4",,CRUNCHMASTER,CRACKERS,Crackers,CRACKERS,SNACKS,,"Crackers CRUNCHMASTER   CRACKERS, CRACKERS"
"Dixon® Safety Carpenter Pencil, 10 count, at Lowe’s®",LOWES HOME IMPROVEMENT,DIXON,MAKEUP,Safety Carpenter Pencil Lowe,MAKEUP,BEAUTY,,"Safety Carpenter Pencil Lowe DIXON LOWES HOME IMPROVEMENT MAKEUP, MAKEUP"
"Dove Hand Wash, select varieties at Target",TARGET,DOVE,DEODORANT & ANTIPERSPIRANT,Hand Wash,DEODORANT & ANTIPERSPIRANT,HEALTH & WELLNESS,,"Hand Wash DOVE TARGET DEODORANT & ANTIPERSPIRANT, DEODORANT & ANTIPERSPIRANT"
"Dove Hand Wash, select varieties, buy 2 at Target",TARGET,DOVE,DEODORANT & ANTIPERSPIRANT,Hand Wash,DEODORANT & ANTIPERSPIRANT,HEALTH & WELLNESS,,"Hand Wash DOVE TARGET DEODORANT & ANTIPERSPIRANT, DEODORANT & ANTIPERSPIRANT"
"Dr Pepper®, Regular OR Zero Sugar Strawberries and Cream 12 pack, at select retailers",UNITED SUPERMARKETS,DR PEPPER,CARBONATED SOFT DRINKS,Regular Zero Sugar Strawberries Cream Pack Retailers,CARBONATED SOFT DRINKS,BEVERAGES,,"Regular Zero Sugar Strawberries Cream Pack Retailers DR PEPPER UNITED SUPERMARKETS CARBONATED SOFT DRINKS, CARBONATED SOFT DRINKS"
"Durex® Massage & Play 2 in 1 Pleasure Gel, select varieties, at Walmart or Target",TARGET,DUREX,SEXUAL HEALTH,Massage Play Pleasure Gel Walmart,SEXUAL HEALTH,HEALTH & WELLNESS,,"Massage Play Pleasure Gel Walmart DUREX TARGET SEXUAL HEALTH, SEXUAL HEALTH"
"EVOLVE® Plant-Based Protein Shake, 4 count, select varieties, at Whole Foods",WHOLE FOODS MARKET,EVOLVE,FROZEN TURKEY,Plant Based Protein Shake,FROZEN TURKEY,FROZEN MEAT,,"Plant Based Protein Shake EVOLVE WHOLE FOODS MARKET FROZEN TURKEY, FROZEN TURKEY"
Envy Apples pre-packed bags,,ENVY,CANDY,Apples Pre Packed Bags,CANDY,SNACKS,,"Apples Pre Packed Bags ENVY   CANDY, CANDY"
"Envy Apples, pre-packed bags",,ENVY,CANDY,Apples Pre Packed Bags,CANDY,SNACKS,,"Apples Pre Packed Bags ENVY   CANDY, CANDY"
"Fresh Bakery Products at Casey's, select varieties",CASEYS GENERAL STORE,CASEYS GENERAL STORE,COOKING & BAKING,Fresh Bakery Products,COOKING & BAKING,PANTRY,,"Fresh Bakery Products CASEYS GENERAL STORE CASEYS GENERAL STORE COOKING & BAKING, COOKING & BAKING"
"Fresh Bakery items, select varieties, at Casey's",CASEYS GENERAL STORE,CASEYS GENERAL STORE,FROZEN PIZZA & PIZZA SNACKS,Fresh Bakery Items,FROZEN PIZZA & PIZZA SNACKS,FROZEN,FROZEN,"Fresh Bakery Items CASEYS GENERAL STORE CASEYS GENERAL STORE FROZEN PIZZA & PIZZA SNACKS, FROZEN"
Fresh Step® Outstretch® Cat Litter,,FRESH STEP,BAKERY,Cat Litter,BAKERY,DELI & BAKERY,,"Cat Litter FRESH STEP   BAKERY, BAKERY"
"Fresh bakery item, select varieties, at Casey's",CASEYS GENERAL STORE,CASEYS GENERAL STORE,FROZEN PIZZA & PIZZA SNACKS,Fresh Bakery Item,FROZEN PIZZA & PIZZA SNACKS,FROZEN,FROZEN,"Fresh Bakery Item CASEYS GENERAL STORE CASEYS GENERAL STORE FROZEN PIZZA & PIZZA SNACKS, FROZEN"
Frozen OR Fountain Drink at Casey's,CASEYS GENERAL STORE,CASEYS GENERAL STORE,COOKING & BAKING,Frozen Fountain Drink,COOKING & BAKING,PANTRY,,"Frozen Fountain Drink CASEYS GENERAL STORE CASEYS GENERAL STORE COOKING & BAKING, COOKING & BAKING"
Frozen OR Fountain Drink at Casey's ,CASEYS GENERAL STORE,CASEYS GENERAL STORE,COOKING & BAKING,Frozen Fountain Drink,COOKING & BAKING,PANTRY,,"Frozen Fountain Drink CASEYS GENERAL STORE CASEYS GENERAL STORE COOKING & BAKING, COOKING & BAKING"
"Frutero Ice Cream, 1 pint",,FRUTERO,FROZEN FRUITS,Ice Cream Pint,FROZEN FRUITS,FROZEN,FROZEN,"Ice Cream Pint FRUTERO   FROZEN FRUITS, FROZEN"
"GATORADE® Fast Twitch®, 12-ounce 12 pack, at Amazon Storefront*",AMAZON,GATORADE,MEDICINES & TREATMENTS,Fast Pack Storefront,MEDICINES & TREATMENTS,HEALTH & WELLNESS,,"Fast Pack Storefront GATORADE AMAZON MEDICINES & TREATMENTS, MEDICINES & TREATMENTS"
"GATORADE® Fast Twitch®, 12-ounce single serve",,GATORADE,SPORTS DRINKS,Fast Single Serve,SPORTS DRINKS,SPORTS DRINKS & ENHANCED WATERS,,"Fast Single Serve GATORADE   SPORTS DRINKS, SPORTS DRINKS"
"GATORADE® Fast Twitch®, 12-ounce single serve, at Kroger",DILLONS GROCERY,GATORADE,SPORTS DRINKS,Fast Single Serve Kroger,SPORTS DRINKS,SPORTS DRINKS & ENHANCED WATERS,,"Fast Single Serve Kroger GATORADE DILLONS GROCERY SPORTS DRINKS, SPORTS DRINKS"
"GATORADE® Fast Twitch®, 12-ounce single serve, buy 2 at Kroger",FRED MEYER,GATORADE,SPORTS DRINKS,Fast Single Serve Kroger,SPORTS DRINKS,SPORTS DRINKS & ENHANCED WATERS,,"Fast Single Serve Kroger GATORADE FRED MEYER SPORTS DRINKS, SPORTS DRINKS"
"GATORLYTE® OR GATORADE™ Fit Single Serve Bottle, select varieties",,GATORADE,MEDICINES & TREATMENTS,Fit Single Serve Bottle,MEDICINES & TREATMENTS,HEALTH & WELLNESS,,"Fit Single Serve Bottle GATORADE   MEDICINES & TREATMENTS, MEDICINES & TREATMENTS"
"GATORLYTE® OR GATORADE™ Fit Single Serve Bottle, select varieties, buy 2",,GATORADE,MEDICINES & TREATMENTS,Fit Single Serve Bottle,MEDICINES & TREATMENTS,HEALTH & WELLNESS,,"Fit Single Serve Bottle GATORADE   MEDICINES & TREATMENTS, MEDICINES & TREATMENTS"
"GOYA® Adobo Seasoning, 8 ounce+",,GOYA,DIPS & SALSA,Adobo Seasoning,DIPS & SALSA,SNACKS,,"Adobo Seasoning GOYA   DIPS & SALSA, DIPS & SALSA"
GOYA® Coconut Water,,GOYA,WATER,Coconut Water,WATER,BEVERAGES,,"Coconut Water GOYA   WATER, WATER"
"General Mills™ products, select brands, spend $35",,ANNIES HOMEGROWN GROCERY,BREAD,General Products Brands,BREAD,PANTRY,,"General Products Brands ANNIES HOMEGROWN GROCERY   BREAD, BREAD"
"General Mills™ products, select brands, spend $7 at Convenience Stores",,ANNIES HOMEGROWN GROCERY,BREAD,General Products Brands Convenience Stores,BREAD,PANTRY,,"General Products Brands Convenience Stores ANNIES HOMEGROWN GROCERY   BREAD, BREAD"
"General Mills™ products, select varieties, spend $12",,ANNIES HOMEGROWN GROCERY,REFRIGERATED DOUGHS,General Products,REFRIGERATED DOUGHS,DAIRY,DAIRY,"General Products ANNIES HOMEGROWN GROCERY   REFRIGERATED DOUGHS, DAIRY"
Glad® ForceFlex Max Strength Trash Bags,,GLAD,FOOD STORAGE,Forceflex Max Strength Trash Bags,FOOD STORAGE,HOUSEHOLD SUPPLIES,HOUSEHOLD SUPPLIES,"Forceflex Max Strength Trash Bags GLAD   FOOD STORAGE, HOUSEHOLD SUPPLIES"
"Glad® Trash Bags, 4 OR 8 Gallon",,GLAD,CRACKERS,Trash Bags Gallon,CRACKERS,SNACKS,,"Trash Bags Gallon GLAD   CRACKERS, CRACKERS"
Good Humor Viennetta Frozen Vanilla Cake,,GOOD HUMOR,FROZEN DESSERTS,Viennetta Frozen Vanilla Cake,FROZEN DESSERTS,FROZEN,FROZEN,"Viennetta Frozen Vanilla Cake GOOD HUMOR   FROZEN DESSERTS, FROZEN"
"Gorton's Air Fried Butterfly Shrimp, at Walmart",WALMART,GORTONS,JERKY & DRIED MEAT,Air Fried Butterfly Shrimp,JERKY & DRIED MEAT,SNACKS,,"Air Fried Butterfly Shrimp GORTONS WALMART JERKY & DRIED MEAT, JERKY & DRIED MEAT"
Gorton's at select retailers,STOP & SHOP,GORTONS,FROZEN MEALS,Retailers,FROZEN MEALS,FROZEN,FROZEN,"Retailers GORTONS STOP & SHOP FROZEN MEALS, FROZEN"
"Gorton's, at select retailers",SHOP RITE,GORTONS,FROZEN MEALS,Retailers,FROZEN MEALS,FROZEN,FROZEN,"Retailers GORTONS SHOP RITE FROZEN MEALS, FROZEN"
Hellmann's | Best Foods Vegan Dressing or Spread,,HELLMANNS BEST FOODS,DRESSINGS,Vegan Dressing Spread,DRESSINGS,PANTRY,,"Vegan Dressing Spread HELLMANNS BEST FOODS   DRESSINGS, DRESSINGS"
Hellmann's® OR Best Foods® AND Sargento® Cheese Slices,,HELLMANNS BEST FOODS,DRESSINGS,Cheese Slices,DRESSINGS,PANTRY,,"Cheese Slices HELLMANNS BEST FOODS   DRESSINGS, DRESSINGS"
Hellmann's® OR Best Foods® Garlic Aioli OR Spicy Mayonnaise,,HELLMANNS BEST FOODS,SAUCES & MARINADES,Garlic Aioli Spicy Mayonnaise,SAUCES & MARINADES,PANTRY,,"Garlic Aioli Spicy Mayonnaise HELLMANNS BEST FOODS   SAUCES & MARINADES, SAUCES & MARINADES"
"Hidden Valley® Ranch Night Seasoning Mix, 1 count",,HIDDEN VALLEY RANCH,DIPS & SALSA,Night Seasoning Mix,DIPS & SALSA,SNACKS,,"Night Seasoning Mix HIDDEN VALLEY RANCH   DIPS & SALSA, DIPS & SALSA"
"Hidden Valley® Ranch Salad Dressing OR Secret Sauce, select varieties",,HIDDEN VALLEY RANCH,SAUCES & MARINADES,Salad Dressing Secret Sauce,SAUCES & MARINADES,PANTRY,,"Salad Dressing Secret Sauce HIDDEN VALLEY RANCH   SAUCES & MARINADES, SAUCES & MARINADES"
"Hidden Valley® Ranch Seasoning Mix Packet, 1 count",,HIDDEN VALLEY RANCH,COOKING & BAKING,Seasoning Mix Packet,COOKING & BAKING,PANTRY,,"Seasoning Mix Packet HIDDEN VALLEY RANCH   COOKING & BAKING, COOKING & BAKING"
Hidden Valley® Ranch Seasoning Shaker,,HIDDEN VALLEY RANCH,COOKING & BAKING,Seasoning Shaker,COOKING & BAKING,PANTRY,,"Seasoning Shaker HIDDEN VALLEY RANCH   COOKING & BAKING, COOKING & BAKING"
"Hidden Valley® Ranch Seasoning, select varieties",,HIDDEN VALLEY RANCH,SAUCES & MARINADES,Seasoning,SAUCES & MARINADES,PANTRY,,"Seasoning HIDDEN VALLEY RANCH   SAUCES & MARINADES, SAUCES & MARINADES"
Klondike Cones at Walmart ,WALMART,KLONDIKE,FROZEN DESSERTS,Cones,FROZEN DESSERTS,FROZEN,FROZEN,"Cones KLONDIKE WALMART FROZEN DESSERTS, FROZEN"
"Klondike Cones, spend $10 at Walmart ",WALMART,KLONDIKE,FROZEN DESSERTS,Cones,FROZEN DESSERTS,FROZEN,FROZEN,"Cones KLONDIKE WALMART FROZEN DESSERTS, FROZEN"
"Kradle, select products, online at Chewy.com",CHEWY,KRADLE,DOG SUPPLIES,Products Online,DOG SUPPLIES,ANIMALS & PET SUPPLIES,,"Products Online KRADLE CHEWY DOG SUPPLIES, DOG SUPPLIES"
"Kradle, select varieties, at Pet Supplies Plus",PET SUPPLIES PLUS,KRADLE,COOKING & BAKING,,COOKING & BAKING,PANTRY,," KRADLE PET SUPPLIES PLUS COOKING & BAKING, COOKING & BAKING"
"Kradle, select varieties, online at Amazon",AMAZON,KRADLE,COOKING & BAKING,Online,COOKING & BAKING,PANTRY,,"Online KRADLE AMAZON COOKING & BAKING, COOKING & BAKING"
"Kradle, select varieties, spend $20 at Walmart",WALMART,KRADLE,COOKING & BAKING,,COOKING & BAKING,PANTRY,," KRADLE WALMART COOKING & BAKING, COOKING & BAKING"
Little Bites® Spend $10 at Walmart®,WALMART,ENTENMANNS,COOKIES,Little,COOKIES,SNACKS,,"Little ENTENMANNS WALMART COOKIES, COOKIES"
"Marinela® sweet baked goods, buy 2",,MARINELA,COOKIES,Sweet Baked Goods,COOKIES,SNACKS,,"Sweet Baked Goods MARINELA   COOKIES, COOKIES"
"Michael Angelo's® OR Rao's® Frozen Entrees, spend $10",,RAO'S,FROZEN MEALS,Michael Frozen Entrees,FROZEN MEALS,FROZEN,FROZEN,"Michael Frozen Entrees RAO'S   FROZEN MEALS, FROZEN"
Michael Angelo's® Sauce at Walmart,WALMART,MICHAEL ANGELO'S,SAUCES & MARINADES,Sauce,SAUCES & MARINADES,PANTRY,,"Sauce MICHAEL ANGELO'S WALMART SAUCES & MARINADES, SAUCES & MARINADES"
"Molson Coors®, select varieties, 12 pack+",,COORS LIGHT,MAKEUP,Molson,MAKEUP,BEAUTY,,"Molson COORS LIGHT   MAKEUP, MAKEUP"
Nature Valley™ Protein Granola,,NATURE VALLEY,"CEREAL, GRANOLA, & TOASTER PASTRIES",Protein Granola,"CEREAL, GRANOLA, & TOASTER PASTRIES",PANTRY,,"Protein Granola NATURE VALLEY   CEREAL, GRANOLA, & TOASTER PASTRIES, CEREAL, GRANOLA, & TOASTER PASTRIES"
Order from Casey's app or Caseys.com,CASEYS GENERAL STORE,CASEYS GENERAL STORE,FROZEN PIZZA & PIZZA SNACKS,Order App,FROZEN PIZZA & PIZZA SNACKS,FROZEN,FROZEN,"Order App CASEYS GENERAL STORE CASEYS GENERAL STORE FROZEN PIZZA & PIZZA SNACKS, FROZEN"
"Perfect Keto Barista Blend Collagen & MCTs, online at Amazon",AMAZON,PERFECT KETO,NUTS & SEEDS,Barista Blend Collagen Mcts Online,NUTS & SEEDS,SNACKS,,"Barista Blend Collagen Mcts Online PERFECT KETO AMAZON NUTS & SEEDS, NUTS & SEEDS"
"Perfect Keto Bars, online at Amazon",AMAZON,PERFECT KETO,NUTS & SEEDS,Bars Online,NUTS & SEEDS,SNACKS,,"Bars Online PERFECT KETO AMAZON NUTS & SEEDS, NUTS & SEEDS"
"Perfect Keto Beauty + Sleep Collagen, online at Amazon",AMAZON,PERFECT KETO,NUTS & SEEDS,Beauty Sleep Collagen Online,NUTS & SEEDS,SNACKS,,"Beauty Sleep Collagen Online PERFECT KETO AMAZON NUTS & SEEDS, NUTS & SEEDS"
"Perfect Keto Collagen Peptides, online at Amazon",AMAZON,PERFECT KETO,NUTS & SEEDS,Collagen Peptides Online,NUTS & SEEDS,SNACKS,,"Collagen Peptides Online PERFECT KETO AMAZON NUTS & SEEDS, NUTS & SEEDS"
"Perfect Keto Exogenous Ketones Powder, online at Amazon",AMAZON,PERFECT KETO,NUTS & SEEDS,Exogenous Nes Powder Online,NUTS & SEEDS,SNACKS,,"Exogenous Nes Powder Online PERFECT KETO AMAZON NUTS & SEEDS, NUTS & SEEDS"
"Perfect Keto MCT Oil Powder, online at Amazon",AMAZON,PERFECT KETO,MEDICINES & TREATMENTS,Mct Oil Powder Online,MEDICINES & TREATMENTS,HEALTH & WELLNESS,,"Mct Oil Powder Online PERFECT KETO AMAZON MEDICINES & TREATMENTS, MEDICINES & TREATMENTS"
"Perfect Keto Super Reds, online at Amazon",AMAZON,PERFECT KETO,NUTS & SEEDS,Super Reds Online,NUTS & SEEDS,SNACKS,,"Super Reds Online PERFECT KETO AMAZON NUTS & SEEDS, NUTS & SEEDS"
Rao's® Frozen Pizza,,RAO'S,FROZEN PIZZA & PIZZA SNACKS,Frozen Pizza,FROZEN PIZZA & PIZZA SNACKS,FROZEN,FROZEN,"Frozen Pizza RAO'S   FROZEN PIZZA & PIZZA SNACKS, FROZEN"
"Rao's®, Pasta OR Sauce, spend $10",,RAO'S,ALFREDO & WHITE PASTA SAUCE,Pasta Sauce,ALFREDO & WHITE PASTA SAUCE,PASTA SAUCE,,"Pasta Sauce RAO'S   ALFREDO & WHITE PASTA SAUCE, ALFREDO & WHITE PASTA SAUCE"
Red Gold Tomato Juice,,RED GOLD,SAUCES & MARINADES,Tomato Juice,SAUCES & MARINADES,PANTRY,,"Tomato Juice RED GOLD   SAUCES & MARINADES, SAUCES & MARINADES"
Red Gold Tomato Ketchup,,RED GOLD,SAUCES & MARINADES,Tomato Ketchup,SAUCES & MARINADES,PANTRY,,"Tomato Ketchup RED GOLD   SAUCES & MARINADES, SAUCES & MARINADES"
"Reese's Chocolate Cones, 8 count at GIANT OR MARTIN’S",GIANT FOOD,KLONDIKE,FROZEN MEALS,Reeses Chocolate Cones Martin,FROZEN MEALS,FROZEN,FROZEN,"Reeses Chocolate Cones Martin KLONDIKE GIANT FOOD FROZEN MEALS, FROZEN"
"Reese's Peanut Butter Bar, 6 count, at GIANT OR MARTIN’S",THE GIANT CO,GOOD HUMOR,FROZEN DESSERTS,Reeses Peanut Butter Bar unt Martin,FROZEN DESSERTS,FROZEN,FROZEN,"Reeses Peanut Butter Bar unt Martin GOOD HUMOR THE GIANT CO FROZEN DESSERTS, FROZEN"
"SKITTLES®, select sizes",,SKITTLES,CANDY,,CANDY,SNACKS,," SKITTLES   CANDY, CANDY"
"SKITTLES®, select varieties",,SKITTLES,CANDY,,CANDY,SNACKS,," SKITTLES   CANDY, CANDY"
"STARBURST®, select sizes, buy 1",,STARBURST,CANDY,,CANDY,SNACKS,," STARBURST   CANDY, CANDY"
"STARBURST®, select varieties",,STARBURST,CANDY,,CANDY,SNACKS,," STARBURST   CANDY, CANDY"
"Sara Lee® Delightful bread, buy 2",,SARA LEE,BREAD,Delightful Bread,BREAD,PANTRY,,"Delightful Bread SARA LEE   BREAD, BREAD"
"Sara Lee® bread select varieties, buy 2",WALMART,SARA LEE,BREAD,Bread,BREAD,PANTRY,,"Bread SARA LEE WALMART BREAD, BREAD"
"Sara Lee® bread, select varieties, buy 2 at Walmart®",WALMART,SARA LEE,BREAD,Bread,BREAD,PANTRY,,"Bread SARA LEE WALMART BREAD, BREAD"
"Sara Lee® or Alfaros® Artesano bread, buy 2",,ALFAROS,BREAD,Sara Artesano Bread,BREAD,PANTRY,,"Sara Artesano Bread ALFAROS   BREAD, BREAD"
"Sara Lee® or Alfaros® Artesano bread, buy 5",,ALFAROS,BREAD,Sara Artesano Bread,BREAD,PANTRY,,"Sara Artesano Bread ALFAROS   BREAD, BREAD"
"Sara Lee® or Alfaros® Artesano bread, spend $20",,ALFAROS,BREAD,Sara Artesano Bread,BREAD,PANTRY,,"Sara Artesano Bread ALFAROS   BREAD, BREAD"
"Sara Lee® or Alfaros® Artesano bread, spend $8",,ALFAROS,BREAD,Sara Artesano Bread,BREAD,PANTRY,,"Sara Artesano Bread ALFAROS   BREAD, BREAD"
Select Beverages AND Prepared Food Item at Casey's,CASEYS GENERAL STORE,CASEYS GENERAL STORE,COOKING & BAKING,Beverages Prepared Food Item,COOKING & BAKING,PANTRY,,"Beverages Prepared Food Item CASEYS GENERAL STORE CASEYS GENERAL STORE COOKING & BAKING, COOKING & BAKING"
Select beverages AND prepared food items at Casey's,CASEYS GENERAL STORE,CASEYS GENERAL STORE,COOKING & BAKING,Beverages Prepared Food Items,COOKING & BAKING,PANTRY,,"Beverages Prepared Food Items CASEYS GENERAL STORE CASEYS GENERAL STORE COOKING & BAKING, COOKING & BAKING"
Simply Organic Seasoning Mixes OR Spices,,SIMPLY ORGANIC,COOKING & BAKING,Seasoning Mixes Spices,COOKING & BAKING,PANTRY,,"Seasoning Mixes Spices SIMPLY ORGANIC   COOKING & BAKING, COOKING & BAKING"
Simply Spiked™ 12 pack+,,SIMPLY SPIKED,MALT BEVERAGES,,MALT BEVERAGES,ALCOHOL,," SIMPLY SPIKED   MALT BEVERAGES, MALT BEVERAGES"
Simply Spiked™ Lemonade 12 pack+,,SIMPLY SPIKED,"HARD SELTZERS, SODAS, WATERS, LEMONADES & TEAS",Lemonade,"HARD SELTZERS, SODAS, WATERS, LEMONADES & TEAS",ALCOHOL,,"Lemonade SIMPLY SPIKED   HARD SELTZERS, SODAS, WATERS, LEMONADES & TEAS, HARD SELTZERS, SODAS, WATERS, LEMONADES & TEAS"
Simply Spiked™ Signature Peach 12 pack+,,SIMPLY SPIKED,MALT BEVERAGES,Signature Peach,MALT BEVERAGES,ALCOHOL,,"Signature Peach SIMPLY SPIKED   MALT BEVERAGES, MALT BEVERAGES"
"Simply Spiked™ Signature Peach 12-pack or larger, buy 2",,SIMPLY SPIKED,MALT BEVERAGES,Signature Peach Pack Larger,MALT BEVERAGES,ALCOHOL,,"Signature Peach Pack Larger SIMPLY SPIKED   MALT BEVERAGES, MALT BEVERAGES"
Sir Kensington's® Condiments,,SIR KENSINGTONS,CONDIMENTS,Condiments,CONDIMENTS,PANTRY,,"Condiments SIR KENSINGTONS   CONDIMENTS, CONDIMENTS"
"Sir Kensington's® Condiments, buy 2",,SIR KENSINGTONS,CONDIMENTS,Condiments,CONDIMENTS,PANTRY,,"Condiments SIR KENSINGTONS   CONDIMENTS, CONDIMENTS"
Spend $10 at CVS,CVS,CVS,MEDICINES & TREATMENTS,,MEDICINES & TREATMENTS,HEALTH & WELLNESS,," CVS CVS MEDICINES & TREATMENTS, MEDICINES & TREATMENTS"
Spend $10 in-store at Casey's,CASEYS GENERAL STORE,CASEYS GENERAL STORE,COOKING & BAKING,,COOKING & BAKING,PANTRY,," CASEYS GENERAL STORE CASEYS GENERAL STORE COOKING & BAKING, COOKING & BAKING"
Spend $10 on Casey's branded packaged products,CASEYS GENERAL STORE,CASEYS GENERAL STORE,FROZEN PIZZA & PIZZA SNACKS,Branded Packaged Products,FROZEN PIZZA & PIZZA SNACKS,FROZEN,FROZEN,"Branded Packaged Products CASEYS GENERAL STORE CASEYS GENERAL STORE FROZEN PIZZA & PIZZA SNACKS, FROZEN"
Spend $25 at Casey's,CASEYS GENERAL STORE,CASEYS GENERAL STORE,COOKING & BAKING,,COOKING & BAKING,PANTRY,," CASEYS GENERAL STORE CASEYS GENERAL STORE COOKING & BAKING, COOKING & BAKING"
Spend $25 at TGI Friday's,TGI FRIDAYS,TGI FRIDAYS,FROZEN APPETIZERS,,FROZEN APPETIZERS,FROZEN,FROZEN," TGI FRIDAYS TGI FRIDAYS FROZEN APPETIZERS, FROZEN"
Spend $30 at CVS,CVS,CVS,MEDICINES & TREATMENTS,,MEDICINES & TREATMENTS,HEALTH & WELLNESS,," CVS CVS MEDICINES & TREATMENTS, MEDICINES & TREATMENTS"
Spend $35 at TGI Friday's,TGI FRIDAYS,TGI FRIDAYS,FROZEN APPETIZERS,,FROZEN APPETIZERS,FROZEN,FROZEN," TGI FRIDAYS TGI FRIDAYS FROZEN APPETIZERS, FROZEN"
Spend $45 at TGI Friday's,TGI FRIDAYS,TGI FRIDAYS,FROZEN APPETIZERS,,FROZEN APPETIZERS,FROZEN,FROZEN," TGI FRIDAYS TGI FRIDAYS FROZEN APPETIZERS, FROZEN"
Spend $5 in-store at Casey's,CASEYS GENERAL STORE,CASEYS GENERAL STORE,COOKING & BAKING,,COOKING & BAKING,PANTRY,," CASEYS GENERAL STORE CASEYS GENERAL STORE COOKING & BAKING, COOKING & BAKING"
Spend $5 on brisket mac & cheese sandwich OR other single-serve prepared food item,CASEYS GENERAL STORE,CASEYS GENERAL STORE,COOKING & BAKING,Brisket Mac Cheese Sandwich Single Serve Prepared Food Item,COOKING & BAKING,PANTRY,,"Brisket Mac Cheese Sandwich Single Serve Prepared Food Item CASEYS GENERAL STORE CASEYS GENERAL STORE COOKING & BAKING, COOKING & BAKING"
Spend $5 on single-serve prepared food items at Casey's,CASEYS GENERAL STORE,CASEYS GENERAL STORE,COOKING & BAKING,Single Serve Prepared Food Items,COOKING & BAKING,PANTRY,,"Single Serve Prepared Food Items CASEYS GENERAL STORE CASEYS GENERAL STORE COOKING & BAKING, COOKING & BAKING"
Spend $60 at TGI Friday's,TGI FRIDAYS,TGI FRIDAYS,FROZEN APPETIZERS,,FROZEN APPETIZERS,FROZEN,FROZEN," TGI FRIDAYS TGI FRIDAYS FROZEN APPETIZERS, FROZEN"
"TWIX®, select sizes",,TWIX,CANDY,,CANDY,SNACKS,," TWIX   CANDY, CANDY"
"TWIX®, select varieties",,TWIX,CANDY,,CANDY,SNACKS,," TWIX   CANDY, CANDY"
Talenti Mini Bars,,TALENTI,FROZEN MEALS,Mini Bars,FROZEN MEALS,FROZEN,FROZEN,"Mini Bars TALENTI   FROZEN MEALS, FROZEN"
Thomas'® Bagel Thins,,THOMAS,BAKERY,Bagel Thins,BAKERY,DELI & BAKERY,,"Bagel Thins THOMAS   BAKERY, BAKERY"
"Thomas'® Bagel Thins®, buy 2",,THOMAS,BAKERY,Bagel,BAKERY,DELI & BAKERY,,"Bagel THOMAS   BAKERY, BAKERY"
"Thomas'®, select varieties, spend $10",,THOMAS,BREAD,,BREAD,PANTRY,," THOMAS   BREAD, BREAD"
Tostitos® Toppers™,,TOSTITOS,CHIPS,,CHIPS,SNACKS,," TOSTITOS   CHIPS, CHIPS"
"Tyson Products, select varieties, spend $20 at Sam's Club",SAMS CLUB,BALL PARK FRANK,PACKAGED MEAT,Tyson Products,PACKAGED MEAT,PANTRY,,"Tyson Products BALL PARK FRANK SAMS CLUB PACKAGED MEAT, PACKAGED MEAT"
Visit OR order online from Casey's 3 times,CASEYS GENERAL STORE,CASEYS GENERAL STORE,COOKING & BAKING,Visit Order Online Times,COOKING & BAKING,PANTRY,,"Visit Order Online Times CASEYS GENERAL STORE CASEYS GENERAL STORE COOKING & BAKING, COOKING & BAKING"
Visit OR order online from Casey's 5 times,CASEYS GENERAL STORE,CASEYS GENERAL STORE,COOKING & BAKING,Visit Order Online Times,COOKING & BAKING,PANTRY,,"Visit Order Online Times CASEYS GENERAL STORE CASEYS GENERAL STORE COOKING & BAKING, COOKING & BAKING"
Visit OR order online from Casey's 7 times,CASEYS GENERAL STORE,CASEYS GENERAL STORE,COOKING & BAKING,Visit Order Online Times,COOKING & BAKING,PANTRY,,"Visit Order Online Times CASEYS GENERAL STORE CASEYS GENERAL STORE COOKING & BAKING, COOKING & BAKING"
Whole Pizza Pie at Casey's,CASEYS GENERAL STORE,CASEYS GENERAL STORE,FROZEN PIZZA & PIZZA SNACKS,Whole Pizza Pie,FROZEN PIZZA & PIZZA SNACKS,FROZEN,FROZEN,"Whole Pizza Pie CASEYS GENERAL STORE CASEYS GENERAL STORE FROZEN PIZZA & PIZZA SNACKS, FROZEN"
Whole Pizza at Casey's,CASEYS GENERAL STORE,CASEYS GENERAL STORE,FROZEN PIZZA & PIZZA SNACKS,Whole Pizza,FROZEN PIZZA & PIZZA SNACKS,FROZEN,FROZEN,"Whole Pizza CASEYS GENERAL STORE CASEYS GENERAL STORE FROZEN PIZZA & PIZZA SNACKS, FROZEN"
Whole Pizza at Casey's ,CASEYS GENERAL STORE,CASEYS GENERAL STORE,FROZEN PIZZA & PIZZA SNACKS,Whole Pizza,FROZEN PIZZA & PIZZA SNACKS,FROZEN,FROZEN,"Whole Pizza CASEYS GENERAL STORE CASEYS GENERAL STORE FROZEN PIZZA & PIZZA SNACKS, FROZEN"
Whole pizza at Casey's,CASEYS GENERAL STORE,CASEYS GENERAL STORE,FROZEN PIZZA & PIZZA SNACKS,Whole Pizza,FROZEN PIZZA & PIZZA SNACKS,FROZEN,FROZEN,"Whole Pizza CASEYS GENERAL STORE CASEYS GENERAL STORE FROZEN PIZZA & PIZZA SNACKS, FROZEN"
Wings OR Cheesy Breadsticks at Casey's,CASEYS GENERAL STORE,CASEYS GENERAL STORE,COOKING & BAKING,Wings Cheesy Breadsticks,COOKING & BAKING,PANTRY,,"Wings Cheesy Breadsticks CASEYS GENERAL STORE CASEYS GENERAL STORE COOKING & BAKING, COOKING & BAKING"
